Date,Open,High,Low,Close,Volume,ticker,name
2017-01-20 00:00:00-05:00,51.45000076,52.90000153,51.38999939,52.41999817,567231,CL=F,Crude Oil Futures (CL=F)
2017-01-23 00:00:00-05:00,53.33000183,53.47000122,52.20999908,52.75,455333,CL=F,Crude Oil Futures (CL=F)
2017-01-24 00:00:00-05:00,52.86000061,53.56000137,52.66999817,53.18000031,520285,CL=F,Crude Oil Futures (CL=F)
2017-01-25 00:00:00-05:00,52.95000076,53.47000122,52.56000137,52.75,589709,CL=F,Crude Oil Futures (CL=F)
2017-01-26 00:00:00-05:00,52.95999908,54.06000137,52.79000092,53.77999878,578065,CL=F,Crude Oil Futures (CL=F)
2017-01-27 00:00:00-05:00,53.74000168,54.08000183,52.58000183,53.16999817,495556,CL=F,Crude Oil Futures (CL=F)
2017-01-30 00:00:00-05:00,53.15000153,53.45999908,52.40999985,52.63000107,486309,CL=F,Crude Oil Futures (CL=F)
2017-01-31 00:00:00-05:00,52.59999847,53.56000137,52.24000168,52.81000137,586676,CL=F,Crude Oil Futures (CL=F)
2017-02-01 00:00:00-05:00,52.75999832,53.90999985,52.63999939,53.88000107,577243,CL=F,Crude Oil Futures (CL=F)
2017-02-02 00:00:00-05:00,53.56999969,54.34000015,53.34999847,53.54000092,492553,CL=F,Crude Oil Futures (CL=F)
2017-02-03 00:00:00-05:00,53.68000031,54.22000122,53.40000153,53.83000183,462616,CL=F,Crude Oil Futures (CL=F)
2017-02-06 00:00:00-05:00,53.81000137,54.13000107,52.90999985,53.00999832,425085,CL=F,Crude Oil Futures (CL=F)
2017-02-07 00:00:00-05:00,53.13999939,53.24000168,51.63000107,52.16999817,624057,CL=F,Crude Oil Futures (CL=F)
2017-02-08 00:00:00-05:00,51.63999939,52.66999817,51.22000122,52.34000015,767379,CL=F,Crude Oil Futures (CL=F)
2017-02-09 00:00:00-05:00,52.36999893,53.20999908,52.36999893,53,610196,CL=F,Crude Oil Futures (CL=F)
2017-02-10 00:00:00-05:00,53.15000153,54.13000107,52.90000153,53.86000061,596449,CL=F,Crude Oil Futures (CL=F)
2017-02-13 00:00:00-05:00,53.79999924,53.95000076,52.77000046,52.93000031,586034,CL=F,Crude Oil Futures (CL=F)
2017-02-14 00:00:00-05:00,52.90999985,53.72000122,52.86000061,53.20000076,493022,CL=F,Crude Oil Futures (CL=F)
2017-02-15 00:00:00-05:00,53,53.50999832,52.72999954,53.11000061,463638,CL=F,Crude Oil Futures (CL=F)
2017-02-16 00:00:00-05:00,53.00999832,53.59000015,52.68000031,53.36000061,343363,CL=F,Crude Oil Futures (CL=F)
2017-02-17 00:00:00-05:00,53.47000122,53.52000046,52.88000107,53.40000153,195352,CL=F,Crude Oil Futures (CL=F)
2017-02-21 00:00:00-05:00,53.47999954,54.68000031,53.34999847,54.06000137,665310,CL=F,Crude Oil Futures (CL=F)
2017-02-22 00:00:00-05:00,54.25999832,54.59999847,53.34999847,53.59000015,499480,CL=F,Crude Oil Futures (CL=F)
2017-02-23 00:00:00-05:00,53.90999985,54.93999863,53.86999893,54.45000076,529880,CL=F,Crude Oil Futures (CL=F)
2017-02-24 00:00:00-05:00,54.33000183,54.50999832,53.75999832,53.99000168,395258,CL=F,Crude Oil Futures (CL=F)
2017-02-27 00:00:00-05:00,54.02000046,54.61000061,53.93999863,54.04999924,394380,CL=F,Crude Oil Futures (CL=F)
2017-02-28 00:00:00-05:00,54.04000092,54.22999954,53.18000031,54.00999832,593909,CL=F,Crude Oil Futures (CL=F)
2017-03-01 00:00:00-05:00,53.95000076,54.43999863,53.63000107,53.83000183,491289,CL=F,Crude Oil Futures (CL=F)
2017-03-02 00:00:00-05:00,53.68999863,53.79999924,52.54000092,52.61000061,638390,CL=F,Crude Oil Futures (CL=F)
2017-03-03 00:00:00-05:00,52.58000183,53.38999939,52.54999924,53.33000183,436360,CL=F,Crude Oil Futures (CL=F)
2017-03-06 00:00:00-05:00,53.18999863,53.56000137,52.75999832,53.20000076,503692,CL=F,Crude Oil Futures (CL=F)
2017-03-07 00:00:00-05:00,53.16999817,53.79999924,52.70999908,53.13999939,494677,CL=F,Crude Oil Futures (CL=F)
2017-03-08 00:00:00-05:00,52.79000092,52.91999817,50.04999924,50.27999878,963392,CL=F,Crude Oil Futures (CL=F)
2017-03-09 00:00:00-05:00,50.22000122,50.84000015,48.59000015,49.27999878,1073506,CL=F,Crude Oil Futures (CL=F)
2017-03-10 00:00:00-05:00,49.61000061,50.11000061,48.31000137,48.49000168,796960,CL=F,Crude Oil Futures (CL=F)
2017-03-13 00:00:00-04:00,48.45000076,48.68000031,47.90000153,48.40000153,601362,CL=F,Crude Oil Futures (CL=F)
2017-03-14 00:00:00-04:00,48.45000076,48.79000092,47.09000015,47.72000122,857711,CL=F,Crude Oil Futures (CL=F)
2017-03-15 00:00:00-04:00,48.75999832,49.04000092,48.15999985,48.86000061,655788,CL=F,Crude Oil Futures (CL=F)
2017-03-16 00:00:00-04:00,49.00999832,49.61999893,48.45000076,48.75,516853,CL=F,Crude Oil Futures (CL=F)
2017-03-17 00:00:00-04:00,48.79000092,49.20000076,48.59999847,48.77999878,172340,CL=F,Crude Oil Futures (CL=F)
2017-03-20 00:00:00-04:00,48.70000076,48.74000168,47.84000015,48.22000122,142258,CL=F,Crude Oil Futures (CL=F)
2017-03-21 00:00:00-04:00,47.93000031,48.72999954,47.22999954,47.34000015,628119,CL=F,Crude Oil Futures (CL=F)
2017-03-22 00:00:00-04:00,48.15999985,48.31999969,47.00999832,48.04000092,680849,CL=F,Crude Oil Futures (CL=F)
2017-03-23 00:00:00-04:00,48.15000153,48.47999954,47.58000183,47.70000076,499878,CL=F,Crude Oil Futures (CL=F)
2017-03-24 00:00:00-04:00,47.66999817,48.20000076,47.54000092,47.97000122,421027,CL=F,Crude Oil Futures (CL=F)
2017-03-27 00:00:00-04:00,48.11999893,48.27999878,47.08000183,47.72999954,466176,CL=F,Crude Oil Futures (CL=F)
2017-03-28 00:00:00-04:00,47.88999939,48.74000168,47.79999924,48.36999893,502377,CL=F,Crude Oil Futures (CL=F)
2017-03-29 00:00:00-04:00,48.47000122,49.63000107,48.38000107,49.50999832,548615,CL=F,Crude Oil Futures (CL=F)
2017-03-30 00:00:00-04:00,49.59999847,50.47000122,49.27000046,50.34999847,580668,CL=F,Crude Oil Futures (CL=F)
2017-03-31 00:00:00-04:00,50.31999969,50.84999847,49.90000153,50.59999847,527607,CL=F,Crude Oil Futures (CL=F)
2017-04-03 00:00:00-04:00,50.68999863,50.83000183,50.11999893,50.24000168,440724,CL=F,Crude Oil Futures (CL=F)
2017-04-04 00:00:00-04:00,50.24000168,51.29999924,49.88000107,51.02999878,532054,CL=F,Crude Oil Futures (CL=F)
2017-04-05 00:00:00-04:00,51.18000031,51.88000107,50.74000168,51.15000153,651398,CL=F,Crude Oil Futures (CL=F)
2017-04-06 00:00:00-04:00,50.79999924,51.81999969,50.77000046,51.70000076,473019,CL=F,Crude Oil Futures (CL=F)
2017-04-07 00:00:00-04:00,51.70000076,52.93999863,51.49000168,52.24000168,796437,CL=F,Crude Oil Futures (CL=F)
2017-04-10 00:00:00-04:00,52.31000137,53.18000031,52.29000092,53.08000183,565439,CL=F,Crude Oil Futures (CL=F)
2017-04-11 00:00:00-04:00,53.13000107,53.45000076,52.70000076,53.40000153,598003,CL=F,Crude Oil Futures (CL=F)
2017-04-12 00:00:00-04:00,53.40000153,53.75999832,52.70999908,53.11000061,629805,CL=F,Crude Oil Futures (CL=F)
2017-04-13 00:00:00-04:00,52.84999847,53.38999939,52.81999969,53.18000031,480835,CL=F,Crude Oil Futures (CL=F)
2017-04-17 00:00:00-04:00,52.97000122,53.20999908,52.54999924,52.65000153,326340,CL=F,Crude Oil Futures (CL=F)
2017-04-18 00:00:00-04:00,52.75,52.84999847,52.09999847,52.40999985,202043,CL=F,Crude Oil Futures (CL=F)
2017-04-19 00:00:00-04:00,52.36000061,52.65000153,50.09000015,50.43999863,133173,CL=F,Crude Oil Futures (CL=F)
2017-04-20 00:00:00-04:00,50.63000107,50.97000122,50.18000031,50.27000046,606263,CL=F,Crude Oil Futures (CL=F)
2017-04-21 00:00:00-04:00,50.70999908,50.93000031,49.20000076,49.61999893,687474,CL=F,Crude Oil Futures (CL=F)
2017-04-24 00:00:00-04:00,49.68000031,50.22000122,49.02999878,49.22999954,517897,CL=F,Crude Oil Futures (CL=F)
2017-04-25 00:00:00-04:00,49.22000122,49.83000183,48.86999893,49.56000137,587240,CL=F,Crude Oil Futures (CL=F)
2017-04-26 00:00:00-04:00,49.36000061,50.20000076,48.93999863,49.61999893,655717,CL=F,Crude Oil Futures (CL=F)
2017-04-27 00:00:00-04:00,49.22000122,49.43000031,48.20000076,48.97000122,771189,CL=F,Crude Oil Futures (CL=F)
2017-04-28 00:00:00-04:00,49.27000046,49.75999832,48.79999924,49.33000183,633992,CL=F,Crude Oil Futures (CL=F)
2017-05-01 00:00:00-04:00,49.16999817,49.31999969,48.59000015,48.84000015,364386,CL=F,Crude Oil Futures (CL=F)
2017-05-02 00:00:00-04:00,48.77999878,49.27999878,47.34999847,47.65999985,702375,CL=F,Crude Oil Futures (CL=F)
2017-05-03 00:00:00-04:00,48.11999893,48.22999954,47.29999924,47.81999969,691319,CL=F,Crude Oil Futures (CL=F)
2017-05-04 00:00:00-04:00,47.59999847,47.75,45.29000092,45.52000046,943959,CL=F,Crude Oil Futures (CL=F)
2017-05-05 00:00:00-04:00,45.50999832,46.68000031,43.75999832,46.22000122,1021610,CL=F,Crude Oil Futures (CL=F)
2017-05-08 00:00:00-04:00,46.34999847,46.97999954,45.72999954,46.43000031,785055,CL=F,Crude Oil Futures (CL=F)
2017-05-09 00:00:00-04:00,46.49000168,46.77999878,45.52999878,45.88000107,701944,CL=F,Crude Oil Futures (CL=F)
2017-05-10 00:00:00-04:00,46.18000031,47.77999878,46.00999832,47.33000183,819796,CL=F,Crude Oil Futures (CL=F)
2017-05-11 00:00:00-04:00,47.38999939,48.22000122,47.34000015,47.83000183,661783,CL=F,Crude Oil Futures (CL=F)
2017-05-12 00:00:00-04:00,47.81000137,48.06999969,47.34999847,47.84000015,537490,CL=F,Crude Oil Futures (CL=F)
2017-05-15 00:00:00-04:00,47.84999847,49.65999985,47.75,48.84999847,687153,CL=F,Crude Oil Futures (CL=F)
2017-05-16 00:00:00-04:00,48.81999969,49.38000107,48.16999817,48.65999985,589212,CL=F,Crude Oil Futures (CL=F)
2017-05-17 00:00:00-04:00,48.22999954,49.5,48.02999878,49.06999969,650107,CL=F,Crude Oil Futures (CL=F)
2017-05-18 00:00:00-04:00,48.93000031,49.59999847,48.04999924,49.34999847,242754,CL=F,Crude Oil Futures (CL=F)
2017-05-19 00:00:00-04:00,49.27999878,50.52999878,49.27999878,50.33000183,146452,CL=F,Crude Oil Futures (CL=F)
2017-05-22 00:00:00-04:00,50.59999847,51.06000137,50.43999863,50.72999954,564310,CL=F,Crude Oil Futures (CL=F)
2017-05-23 00:00:00-04:00,51.04000092,51.79000092,50.56999969,51.47000122,584139,CL=F,Crude Oil Futures (CL=F)
2017-05-24 00:00:00-04:00,51.43999863,51.88000107,51.02999878,51.36000061,736341,CL=F,Crude Oil Futures (CL=F)
2017-05-25 00:00:00-04:00,51.25,52,48.45000076,48.90000153,1147389,CL=F,Crude Oil Futures (CL=F)
2017-05-26 00:00:00-04:00,48.75,49.93999863,48.18000031,49.79999924,763920,CL=F,Crude Oil Futures (CL=F)
2017-05-30 00:00:00-04:00,49.93000031,50.27999878,49.02999878,49.65999985,663486,CL=F,Crude Oil Futures (CL=F)
2017-05-31 00:00:00-04:00,49.65000153,49.70999908,47.72999954,48.31999969,779144,CL=F,Crude Oil Futures (CL=F)
2017-06-01 00:00:00-04:00,48.63000107,49.16999817,47.90000153,48.36000061,774478,CL=F,Crude Oil Futures (CL=F)
2017-06-02 00:00:00-04:00,48.04000092,48.18999863,46.74000168,47.65999985,802662,CL=F,Crude Oil Futures (CL=F)
2017-06-05 00:00:00-04:00,47.70999908,48.41999817,46.86000061,47.40000153,710199,CL=F,Crude Oil Futures (CL=F)
2017-06-06 00:00:00-04:00,47.40000153,48.40000153,46.93999863,48.18999863,825056,CL=F,Crude Oil Futures (CL=F)
2017-06-07 00:00:00-04:00,47.97999954,48.22999954,45.65000153,45.72000122,1182327,CL=F,Crude Oil Futures (CL=F)
2017-06-08 00:00:00-04:00,45.84999847,46.18000031,45.20000076,45.63999939,927695,CL=F,Crude Oil Futures (CL=F)
2017-06-09 00:00:00-04:00,45.70999908,46.18000031,45.27000046,45.83000183,735933,CL=F,Crude Oil Futures (CL=F)
2017-06-12 00:00:00-04:00,45.79999924,46.70999908,45.65999985,46.08000183,666765,CL=F,Crude Oil Futures (CL=F)
2017-06-13 00:00:00-04:00,46.00999832,46.56999969,45.56000137,46.45999908,783320,CL=F,Crude Oil Futures (CL=F)
2017-06-14 00:00:00-04:00,45.93999863,46.49000168,44.54000092,44.72999954,924408,CL=F,Crude Oil Futures (CL=F)
2017-06-15 00:00:00-04:00,44.68999863,44.81000137,44.22000122,44.45999908,500938,CL=F,Crude Oil Futures (CL=F)
2017-06-16 00:00:00-04:00,44.25,44.93999863,44.24000168,44.74000168,191824,CL=F,Crude Oil Futures (CL=F)
2017-06-19 00:00:00-04:00,44.68000031,45.06000137,44.04999924,44.20000076,123943,CL=F,Crude Oil Futures (CL=F)
2017-06-20 00:00:00-04:00,44.11000061,44.40000153,42.75,43.22999954,894104,CL=F,Crude Oil Futures (CL=F)
2017-06-21 00:00:00-04:00,43.38000107,44.20000076,42.04999924,42.52999878,1071747,CL=F,Crude Oil Futures (CL=F)
2017-06-22 00:00:00-04:00,42.54999924,43.31999969,42.25999832,42.74000168,668830,CL=F,Crude Oil Futures (CL=F)
2017-06-23 00:00:00-04:00,42.79999924,43.20000076,42.52999878,43.00999832,690906,CL=F,Crude Oil Futures (CL=F)
2017-06-26 00:00:00-04:00,43.15999985,43.65000153,42.63000107,43.38000107,661354,CL=F,Crude Oil Futures (CL=F)
2017-06-27 00:00:00-04:00,43.49000168,44.43999863,43.31999969,44.24000168,759115,CL=F,Crude Oil Futures (CL=F)
2017-06-28 00:00:00-04:00,43.70000076,44.90000153,43.66999817,44.74000168,753375,CL=F,Crude Oil Futures (CL=F)
2017-06-29 00:00:00-04:00,44.88999939,45.45000076,44.65000153,44.93000031,768946,CL=F,Crude Oil Futures (CL=F)
2017-06-30 00:00:00-04:00,44.88999939,46.34999847,44.88000107,46.04000092,677408,CL=F,Crude Oil Futures (CL=F)
2017-07-03 00:00:00-04:00,46.27999878,47.09999847,45.91999817,47.06999969,517621,CL=F,Crude Oil Futures (CL=F)
2017-07-05 00:00:00-04:00,47.04000092,47.31999969,44.50999832,45.13000107,1173581,CL=F,Crude Oil Futures (CL=F)
2017-07-06 00:00:00-04:00,45.65000153,46.52999878,45.18000031,45.52000046,969676,CL=F,Crude Oil Futures (CL=F)
2017-07-07 00:00:00-04:00,45.34999847,45.41999817,43.77999878,44.22999954,975914,CL=F,Crude Oil Futures (CL=F)
2017-07-10 00:00:00-04:00,44.34999847,44.84000015,43.65000153,44.40000153,848570,CL=F,Crude Oil Futures (CL=F)
2017-07-11 00:00:00-04:00,44.58000183,45.81000137,43.83000183,45.04000092,1010691,CL=F,Crude Oil Futures (CL=F)
2017-07-12 00:00:00-04:00,45.74000168,46.47999954,45.11000061,45.49000168,963505,CL=F,Crude Oil Futures (CL=F)
2017-07-13 00:00:00-04:00,45.43999863,46.27999878,44.99000168,46.08000183,748971,CL=F,Crude Oil Futures (CL=F)
2017-07-14 00:00:00-04:00,46.08000183,46.74000168,45.79999924,46.54000092,742895,CL=F,Crude Oil Futures (CL=F)
2017-07-17 00:00:00-04:00,46.68000031,46.88000107,45.88999939,46.02000046,560633,CL=F,Crude Oil Futures (CL=F)
2017-07-18 00:00:00-04:00,45.99000168,46.91999817,45.81000137,46.40000153,208420,CL=F,Crude Oil Futures (CL=F)
2017-07-19 00:00:00-04:00,46.25,47.25999832,46.13999939,47.11999893,140677,CL=F,Crude Oil Futures (CL=F)
2017-07-20 00:00:00-04:00,47.09000015,47.54999924,46.65999985,46.79000092,720621,CL=F,Crude Oil Futures (CL=F)
2017-07-21 00:00:00-04:00,46.90999985,47.20999908,45.54000092,45.77000046,769438,CL=F,Crude Oil Futures (CL=F)
2017-07-24 00:00:00-04:00,45.61999893,46.52999878,45.40000153,46.34000015,707910,CL=F,Crude Oil Futures (CL=F)
2017-07-25 00:00:00-04:00,46.45999908,48.65999985,46.38000107,47.88999939,885700,CL=F,Crude Oil Futures (CL=F)
2017-07-26 00:00:00-04:00,48.50999832,48.86999893,47.86000061,48.75,887864,CL=F,Crude Oil Futures (CL=F)
2017-07-27 00:00:00-04:00,48.70000076,49.24000168,48.25,49.04000092,880757,CL=F,Crude Oil Futures (CL=F)
2017-07-28 00:00:00-04:00,49.16999817,49.81000137,48.86000061,49.70999908,771225,CL=F,Crude Oil Futures (CL=F)
2017-07-31 00:00:00-04:00,49.84999847,50.40999985,49.18000031,50.16999817,781539,CL=F,Crude Oil Futures (CL=F)
2017-08-01 00:00:00-04:00,50.20999908,50.43000031,48.36999893,49.15999985,1008583,CL=F,Crude Oil Futures (CL=F)
2017-08-02 00:00:00-04:00,48.79999924,49.65000153,48.54999924,49.59000015,847722,CL=F,Crude Oil Futures (CL=F)
2017-08-03 00:00:00-04:00,49.59000015,49.95999908,48.77999878,49.02999878,837763,CL=F,Crude Oil Futures (CL=F)
2017-08-04 00:00:00-04:00,48.95000076,49.63999939,48.5,49.58000183,745664,CL=F,Crude Oil Futures (CL=F)
2017-08-07 00:00:00-04:00,49.59000015,49.72999954,48.54000092,49.38999939,831374,CL=F,Crude Oil Futures (CL=F)
2017-08-08 00:00:00-04:00,49.31000137,49.79000092,48.86000061,49.16999817,924240,CL=F,Crude Oil Futures (CL=F)
2017-08-09 00:00:00-04:00,49,49.72000122,48.90000153,49.56000137,858250,CL=F,Crude Oil Futures (CL=F)
2017-08-10 00:00:00-04:00,49.68000031,50.22000122,48.34999847,48.59000015,1135440,CL=F,Crude Oil Futures (CL=F)
2017-08-11 00:00:00-04:00,48.52000046,48.97999954,47.97999954,48.81999969,804237,CL=F,Crude Oil Futures (CL=F)
2017-08-14 00:00:00-04:00,48.79000092,49.15999985,47.43000031,47.59000015,763241,CL=F,Crude Oil Futures (CL=F)
2017-08-15 00:00:00-04:00,47.49000168,47.90000153,47.02000046,47.54999924,770358,CL=F,Crude Oil Futures (CL=F)
2017-08-16 00:00:00-04:00,47.72000122,47.99000168,46.66999817,46.77999878,815544,CL=F,Crude Oil Futures (CL=F)
2017-08-17 00:00:00-04:00,46.79999924,47.18999863,46.45999908,47.09000015,608314,CL=F,Crude Oil Futures (CL=F)
2017-08-18 00:00:00-04:00,46.93000031,48.74000168,46.77999878,48.50999832,253069,CL=F,Crude Oil Futures (CL=F)
2017-08-21 00:00:00-04:00,48.72000122,48.75,47.02999878,47.36999893,129192,CL=F,Crude Oil Futures (CL=F)
2017-08-22 00:00:00-04:00,47.45000076,48.02999878,47.20000076,47.63999939,864387,CL=F,Crude Oil Futures (CL=F)
2017-08-23 00:00:00-04:00,47.63999939,48.5,47.52999878,48.40999985,701693,CL=F,Crude Oil Futures (CL=F)
2017-08-24 00:00:00-04:00,48.36000061,48.43000031,47.06000137,47.43000031,831358,CL=F,Crude Oil Futures (CL=F)
2017-08-25 00:00:00-04:00,47.61999893,47.90999985,47.38999939,47.86999893,646518,CL=F,Crude Oil Futures (CL=F)
2017-08-28 00:00:00-04:00,47.88999939,48.20000076,46.15000153,46.56999969,921285,CL=F,Crude Oil Futures (CL=F)
2017-08-29 00:00:00-04:00,46.86000061,46.95999908,45.75999832,46.43999863,895643,CL=F,Crude Oil Futures (CL=F)
2017-08-30 00:00:00-04:00,46.31000137,46.72000122,45.84000015,45.95999908,895643,CL=F,Crude Oil Futures (CL=F)
2017-08-31 00:00:00-04:00,45.95000076,47.47000122,45.58000183,47.22999954,882983,CL=F,Crude Oil Futures (CL=F)
2017-09-01 00:00:00-04:00,47.08000183,47.34999847,46.56000137,47.29000092,915708,CL=F,Crude Oil Futures (CL=F)
2017-09-05 00:00:00-04:00,47.27999878,48.97999954,47.15000153,48.65999985,742808,CL=F,Crude Oil Futures (CL=F)
2017-09-06 00:00:00-04:00,48.59000015,49.41999817,48.52000046,49.15999985,788963,CL=F,Crude Oil Futures (CL=F)
2017-09-07 00:00:00-04:00,49.13999939,49.33000183,48.63000107,49.09000015,702514,CL=F,Crude Oil Futures (CL=F)
2017-09-08 00:00:00-04:00,49.09000015,49.25999832,47.27000046,47.47999954,843760,CL=F,Crude Oil Futures (CL=F)
2017-09-11 00:00:00-04:00,47.58000183,48.27000046,47,48.06999969,774468,CL=F,Crude Oil Futures (CL=F)
2017-09-12 00:00:00-04:00,48.11999893,48.43999863,47.72999954,48.22999954,676040,CL=F,Crude Oil Futures (CL=F)
2017-09-13 00:00:00-04:00,48.34000015,49.40000153,48.11999893,49.29999924,706925,CL=F,Crude Oil Futures (CL=F)
2017-09-14 00:00:00-04:00,49.31000137,50.5,49.15000153,49.88999939,709035,CL=F,Crude Oil Futures (CL=F)
2017-09-15 00:00:00-04:00,49.72000122,50.13000107,49.40999985,49.88999939,433597,CL=F,Crude Oil Futures (CL=F)
2017-09-18 00:00:00-04:00,49.84999847,50.33000183,49.18999863,49.90999985,189605,CL=F,Crude Oil Futures (CL=F)
2017-09-19 00:00:00-04:00,49.90999985,50.41999817,49.33000183,49.47999954,143379,CL=F,Crude Oil Futures (CL=F)
2017-09-20 00:00:00-04:00,49.84000015,50.65000153,49.75,50.40999985,754413,CL=F,Crude Oil Futures (CL=F)
2017-09-21 00:00:00-04:00,50.72000122,50.81000137,50.06999969,50.54999924,580569,CL=F,Crude Oil Futures (CL=F)
2017-09-22 00:00:00-04:00,50.72999954,50.77999878,50.29000092,50.65999985,473795,CL=F,Crude Oil Futures (CL=F)
2017-09-25 00:00:00-04:00,50.68000031,52.27999878,50.38999939,52.22000122,701244,CL=F,Crude Oil Futures (CL=F)
2017-09-26 00:00:00-04:00,52.11999893,52.43000031,51.43000031,51.88000107,709515,CL=F,Crude Oil Futures (CL=F)
2017-09-27 00:00:00-04:00,52.09000015,52.34000015,51.63000107,52.13999939,637035,CL=F,Crude Oil Futures (CL=F)
2017-09-28 00:00:00-04:00,52.04999924,52.86000061,51.22000122,51.56000137,801816,CL=F,Crude Oil Futures (CL=F)
2017-09-29 00:00:00-04:00,51.58000183,51.77000046,51.25,51.66999817,551982,CL=F,Crude Oil Futures (CL=F)
2017-10-02 00:00:00-04:00,51.63999939,51.70999908,50.06999969,50.58000183,600933,CL=F,Crude Oil Futures (CL=F)
2017-10-03 00:00:00-04:00,50.59000015,50.72999954,50.13999939,50.41999817,462735,CL=F,Crude Oil Futures (CL=F)
2017-10-04 00:00:00-04:00,50.15999985,50.66999817,49.75999832,49.97999954,598836,CL=F,Crude Oil Futures (CL=F)
2017-10-05 00:00:00-04:00,49.88000107,51.22000122,49.84999847,50.79000092,654385,CL=F,Crude Oil Futures (CL=F)
2017-10-06 00:00:00-04:00,50.75,50.81999969,49.09999847,49.29000092,743114,CL=F,Crude Oil Futures (CL=F)
2017-10-09 00:00:00-04:00,49.25,49.79000092,49.13000107,49.58000183,505079,CL=F,Crude Oil Futures (CL=F)
2017-10-10 00:00:00-04:00,49.54999924,51.06000137,49.54000092,50.91999817,664839,CL=F,Crude Oil Futures (CL=F)
2017-10-11 00:00:00-04:00,50.93999863,51.41999817,50.61000061,51.29999924,651948,CL=F,Crude Oil Futures (CL=F)
2017-10-12 00:00:00-04:00,51,51.13000107,50.15000153,50.59999847,729273,CL=F,Crude Oil Futures (CL=F)
2017-10-13 00:00:00-04:00,50.72999954,51.72000122,50.70000076,51.45000076,667497,CL=F,Crude Oil Futures (CL=F)
2017-10-16 00:00:00-04:00,51.43000031,52.36999893,51.34999847,51.86999893,520725,CL=F,Crude Oil Futures (CL=F)
2017-10-17 00:00:00-04:00,51.93000031,52.25,51.20999908,51.88000107,471612,CL=F,Crude Oil Futures (CL=F)
2017-10-18 00:00:00-04:00,51.93999863,52.33000183,51.68999863,52.04000092,152620,CL=F,Crude Oil Futures (CL=F)
2017-10-19 00:00:00-04:00,52.04999924,52.16999817,51.06999969,51.29000092,127413,CL=F,Crude Oil Futures (CL=F)
2017-10-20 00:00:00-04:00,51.41999817,51.72999954,50.70000076,51.47000122,674142,CL=F,Crude Oil Futures (CL=F)
2017-10-23 00:00:00-04:00,52.06999969,52.29999924,51.68000031,51.90000153,583563,CL=F,Crude Oil Futures (CL=F)
2017-10-24 00:00:00-04:00,51.88999939,52.61999893,51.54999924,52.47000122,709553,CL=F,Crude Oil Futures (CL=F)
2017-10-25 00:00:00-04:00,52.56000137,52.56999969,51.88999939,52.18000031,681739,CL=F,Crude Oil Futures (CL=F)
2017-10-26 00:00:00-04:00,52.18999863,52.86000061,51.90999985,52.63999939,594647,CL=F,Crude Oil Futures (CL=F)
2017-10-27 00:00:00-04:00,52.79999924,54.20000076,52.25,53.90000153,730915,CL=F,Crude Oil Futures (CL=F)
2017-10-30 00:00:00-04:00,54.15999985,54.45999908,53.75,54.15000153,565043,CL=F,Crude Oil Futures (CL=F)
2017-10-31 00:00:00-04:00,54.08000183,54.84999847,53.93000031,54.38000107,497295,CL=F,Crude Oil Futures (CL=F)
2017-11-01 00:00:00-04:00,54.65000153,55.22000122,53.88999939,54.29999924,671038,CL=F,Crude Oil Futures (CL=F)
2017-11-02 00:00:00-04:00,54.27999878,54.84000015,53.99000168,54.54000092,482846,CL=F,Crude Oil Futures (CL=F)
2017-11-03 00:00:00-04:00,54.72999954,55.75999832,54.40000153,55.63999939,614159,CL=F,Crude Oil Futures (CL=F)
2017-11-06 00:00:00-05:00,55.97000122,57.61000061,55.65999985,57.34999847,861713,CL=F,Crude Oil Futures (CL=F)
2017-11-07 00:00:00-05:00,57.27000046,57.68999863,56.83000183,57.20000076,750187,CL=F,Crude Oil Futures (CL=F)
2017-11-08 00:00:00-05:00,56.95999908,57.91999817,56.40999985,56.81000137,919147,CL=F,Crude Oil Futures (CL=F)
2017-11-09 00:00:00-05:00,56.84999847,57.52999878,56.68999863,57.16999817,666949,CL=F,Crude Oil Futures (CL=F)
2017-11-10 00:00:00-05:00,57.02000046,57.34999847,56.54999924,56.74000168,541296,CL=F,Crude Oil Futures (CL=F)
2017-11-13 00:00:00-05:00,56.90000153,57.15000153,56.29999924,56.75999832,631619,CL=F,Crude Oil Futures (CL=F)
2017-11-14 00:00:00-05:00,56.72000122,56.77000046,54.81000137,55.70000076,707338,CL=F,Crude Oil Futures (CL=F)
2017-11-15 00:00:00-05:00,55.06000137,55.56000137,54.88000107,55.33000183,501385,CL=F,Crude Oil Futures (CL=F)
2017-11-16 00:00:00-05:00,55.29999924,55.61999893,54.93000031,55.13999939,213923,CL=F,Crude Oil Futures (CL=F)
2017-11-17 00:00:00-05:00,55.25,56.68000031,55.18000031,56.54999924,184944,CL=F,Crude Oil Futures (CL=F)
2017-11-20 00:00:00-05:00,56.68999863,56.75999832,55.56999969,56.09000015,593241,CL=F,Crude Oil Futures (CL=F)
2017-11-21 00:00:00-05:00,56.38000107,57.22000122,56.31999969,56.83000183,619066,CL=F,Crude Oil Futures (CL=F)
2017-11-22 00:00:00-05:00,57.11999893,58.15000153,57.02999878,58.02000046,837411,CL=F,Crude Oil Futures (CL=F)
2017-11-24 00:00:00-05:00,58.04999924,59.04999924,57.75,58.95000076,577826,CL=F,Crude Oil Futures (CL=F)
2017-11-27 00:00:00-05:00,58.95000076,58.99000168,57.54999924,58.11000061,690078,CL=F,Crude Oil Futures (CL=F)
2017-11-28 00:00:00-05:00,57.86000061,58.11000061,57.41999817,57.99000168,546526,CL=F,Crude Oil Futures (CL=F)
2017-11-29 00:00:00-05:00,57.72999954,58.29999924,56.75,57.29999924,741564,CL=F,Crude Oil Futures (CL=F)
2017-11-30 00:00:00-05:00,57.40999985,57.97999954,56.81999969,57.40000153,735128,CL=F,Crude Oil Futures (CL=F)
2017-12-01 00:00:00-05:00,57.41999817,58.88000107,57.29000092,58.36000061,685215,CL=F,Crude Oil Futures (CL=F)
2017-12-04 00:00:00-05:00,58.31999969,58.34000015,57.34999847,57.47000122,529965,CL=F,Crude Oil Futures (CL=F)
2017-12-05 00:00:00-05:00,57.47999954,57.91999817,57.08000183,57.61999893,499245,CL=F,Crude Oil Futures (CL=F)
2017-12-06 00:00:00-05:00,57.45000076,57.56999969,55.86999893,55.95999908,678992,CL=F,Crude Oil Futures (CL=F)
2017-12-07 00:00:00-05:00,56,56.77999878,55.81999969,56.68999863,557325,CL=F,Crude Oil Futures (CL=F)
2017-12-08 00:00:00-05:00,56.65000153,57.79000092,56.54000092,57.36000061,681599,CL=F,Crude Oil Futures (CL=F)
2017-12-11 00:00:00-05:00,57.25,58.08000183,56.90999985,57.99000168,606724,CL=F,Crude Oil Futures (CL=F)
2017-12-12 00:00:00-05:00,58.02000046,58.56000137,56.84999847,57.13999939,826488,CL=F,Crude Oil Futures (CL=F)
2017-12-13 00:00:00-05:00,57.45000076,57.83000183,56.54999924,56.59999847,658143,CL=F,Crude Oil Futures (CL=F)
2017-12-14 00:00:00-05:00,56.70000076,57.22000122,56.09000015,57.04000092,580571,CL=F,Crude Oil Futures (CL=F)
2017-12-15 00:00:00-05:00,57.15000153,57.49000168,56.93999863,57.29999924,210054,CL=F,Crude Oil Futures (CL=F)
2017-12-18 00:00:00-05:00,57.36999893,57.77999878,56.81999969,57.15999985,137151,CL=F,Crude Oil Futures (CL=F)
2017-12-19 00:00:00-05:00,57.29999924,57.63999939,57.15999985,57.45999908,420784,CL=F,Crude Oil Futures (CL=F)
2017-12-20 00:00:00-05:00,57.65999985,58.11999893,57.43999863,58.09000015,420844,CL=F,Crude Oil Futures (CL=F)
2017-12-21 00:00:00-05:00,58.02000046,58.38000107,57.63000107,58.36000061,405320,CL=F,Crude Oil Futures (CL=F)
2017-12-22 00:00:00-05:00,58.20999908,58.5,57.86999893,58.47000122,324554,CL=F,Crude Oil Futures (CL=F)
2017-12-26 00:00:00-05:00,58.40000153,60.00999832,58.31999969,59.97000122,437785,CL=F,Crude Oil Futures (CL=F)
2017-12-27 00:00:00-05:00,59.79000092,59.93000031,59.33000183,59.63999939,402396,CL=F,Crude Oil Futures (CL=F)
2017-12-28 00:00:00-05:00,59.52999878,59.93999863,59.43999863,59.84000015,345962,CL=F,Crude Oil Futures (CL=F)
2017-12-29 00:00:00-05:00,59.90999985,60.50999832,59.81999969,60.41999817,464478,CL=F,Crude Oil Futures (CL=F)
2018-01-02 00:00:00-05:00,60.20000076,60.74000168,60.09999847,60.36999893,510313,CL=F,Crude Oil Futures (CL=F)
2018-01-03 00:00:00-05:00,60.38999939,61.97000122,60.27999878,61.63000107,673859,CL=F,Crude Oil Futures (CL=F)
2018-01-04 00:00:00-05:00,61.95999908,62.20999908,61.59000015,62.00999832,654363,CL=F,Crude Oil Futures (CL=F)
2018-01-05 00:00:00-05:00,61.90000153,62.04000092,61.09000015,61.43999863,563036,CL=F,Crude Oil Futures (CL=F)
2018-01-08 00:00:00-05:00,61.61000061,61.97000122,61.34000015,61.72999954,616474,CL=F,Crude Oil Futures (CL=F)
2018-01-09 00:00:00-05:00,61.91999817,63.47999954,61.79999924,62.95999908,844720,CL=F,Crude Oil Futures (CL=F)
2018-01-10 00:00:00-05:00,63.40999985,63.66999817,63.09000015,63.56999969,697844,CL=F,Crude Oil Futures (CL=F)
2018-01-11 00:00:00-05:00,63.5,64.76999664,63.43000031,63.79999924,876642,CL=F,Crude Oil Futures (CL=F)
2018-01-12 00:00:00-05:00,63.56999969,64.5,63.06000137,64.30000305,678727,CL=F,Crude Oil Futures (CL=F)
2018-01-16 00:00:00-05:00,64.43000031,64.88999939,63.38999939,63.72999954,867771,CL=F,Crude Oil Futures (CL=F)
2018-01-17 00:00:00-05:00,63.88999939,64.16999817,63.31000137,63.97000122,444384,CL=F,Crude Oil Futures (CL=F)
2018-01-18 00:00:00-05:00,64.06999969,64.34999847,63.47000122,63.95000076,204504,CL=F,Crude Oil Futures (CL=F)
2018-01-19 00:00:00-05:00,63.74000168,63.77000046,62.84999847,63.36999893,142711,CL=F,Crude Oil Futures (CL=F)
2018-01-22 00:00:00-05:00,63.61000061,64.13999939,63.16999817,63.49000168,625662,CL=F,Crude Oil Futures (CL=F)
2018-01-23 00:00:00-05:00,63.88000107,64.87999725,63.70000076,64.47000122,662456,CL=F,Crude Oil Futures (CL=F)
2018-01-24 00:00:00-05:00,64.41999817,66.05000305,64.33999634,65.61000061,887018,CL=F,Crude Oil Futures (CL=F)
2018-01-25 00:00:00-05:00,65.87999725,66.66000366,65.08000183,65.51000214,771758,CL=F,Crude Oil Futures (CL=F)
2018-01-26 00:00:00-05:00,65.25,66.34999847,64.91000366,66.13999939,678186,CL=F,Crude Oil Futures (CL=F)
2018-01-29 00:00:00-05:00,66.18000031,66.45999908,64.98000336,65.55999756,656168,CL=F,Crude Oil Futures (CL=F)
2018-01-30 00:00:00-05:00,65.52999878,65.55999756,63.88999939,64.5,688380,CL=F,Crude Oil Futures (CL=F)
2018-01-31 00:00:00-05:00,64.02999878,64.94000244,63.66999817,64.73000336,613258,CL=F,Crude Oil Futures (CL=F)
2018-02-01 00:00:00-05:00,64.76000214,66.25,64.62999725,65.80000305,685750,CL=F,Crude Oil Futures (CL=F)
2018-02-02 00:00:00-05:00,65.98999786,66.30000305,64.47000122,65.44999695,857572,CL=F,Crude Oil Futures (CL=F)
2018-02-05 00:00:00-05:00,65.09999847,65.40000153,63.41999817,64.15000153,891063,CL=F,Crude Oil Futures (CL=F)
2018-02-06 00:00:00-05:00,63.43000031,64.29000092,63.11999893,63.38999939,797814,CL=F,Crude Oil Futures (CL=F)
2018-02-07 00:00:00-05:00,63.91999817,64.18000031,61.25,61.79000092,1029408,CL=F,Crude Oil Futures (CL=F)
2018-02-08 00:00:00-05:00,61.70000076,62.09000015,60.27000046,61.15000153,929578,CL=F,Crude Oil Futures (CL=F)
2018-02-09 00:00:00-05:00,60.43000031,60.77000046,58.06999969,59.20000076,933307,CL=F,Crude Oil Futures (CL=F)
2018-02-12 00:00:00-05:00,59.11999893,60.83000183,59.09999847,59.29000092,736917,CL=F,Crude Oil Futures (CL=F)
2018-02-13 00:00:00-05:00,59.34999847,59.72999954,58.38999939,59.18999863,580600,CL=F,Crude Oil Futures (CL=F)
2018-02-14 00:00:00-05:00,58.97999954,60.90000153,58.20000076,60.59999847,650324,CL=F,Crude Oil Futures (CL=F)
2018-02-15 00:00:00-05:00,60.70999908,61.63999939,59.72000122,61.34000015,340401,CL=F,Crude Oil Futures (CL=F)
2018-02-16 00:00:00-05:00,61.45000076,61.99000168,60.88000107,61.68000031,181179,CL=F,Crude Oil Futures (CL=F)
2018-02-20 00:00:00-05:00,61.63000107,62.74000168,61.58000183,61.90000153,794481,CL=F,Crude Oil Futures (CL=F)
2018-02-21 00:00:00-05:00,61.63000107,61.86000061,60.91999817,61.68000031,466924,CL=F,Crude Oil Futures (CL=F)
2018-02-22 00:00:00-05:00,61.34000015,63.09000015,60.75,62.77000046,592603,CL=F,Crude Oil Futures (CL=F)
2018-02-23 00:00:00-05:00,62.59999847,63.72999954,62.33000183,63.54999924,460597,CL=F,Crude Oil Futures (CL=F)
2018-02-26 00:00:00-05:00,63.59999847,64.23999786,63.06000137,63.90999985,469853,CL=F,Crude Oil Futures (CL=F)
2018-02-27 00:00:00-05:00,64.05999756,64.08000183,62.63999939,63.00999832,562670,CL=F,Crude Oil Futures (CL=F)
2018-02-28 00:00:00-05:00,62.79000092,63.43999863,61.36000061,61.63999939,768409,CL=F,Crude Oil Futures (CL=F)
2018-03-01 00:00:00-05:00,61.54999924,61.83000183,60.18000031,60.99000168,812505,CL=F,Crude Oil Futures (CL=F)
2018-03-02 00:00:00-05:00,61.34000015,61.59999847,60.13000107,61.25,613514,CL=F,Crude Oil Futures (CL=F)
2018-03-05 00:00:00-05:00,61.54999924,62.79000092,61.09999847,62.56999969,599266,CL=F,Crude Oil Futures (CL=F)
2018-03-06 00:00:00-05:00,62.58000183,63.27999878,62.16999817,62.59999847,634953,CL=F,Crude Oil Futures (CL=F)
2018-03-07 00:00:00-05:00,62.29999924,62.58000183,60.58000183,61.15000153,879119,CL=F,Crude Oil Futures (CL=F)
2018-03-08 00:00:00-05:00,61.33000183,61.40000153,59.95000076,60.11999893,720510,CL=F,Crude Oil Futures (CL=F)
2018-03-09 00:00:00-05:00,60.27000046,62.18000031,60.13999939,62.04000092,659722,CL=F,Crude Oil Futures (CL=F)
2018-03-12 00:00:00-04:00,62.09999847,62.33000183,60.66999817,61.36000061,537990,CL=F,Crude Oil Futures (CL=F)
2018-03-13 00:00:00-04:00,61.36999893,61.97000122,60.27000046,60.70999908,747738,CL=F,Crude Oil Futures (CL=F)
2018-03-14 00:00:00-04:00,60.86999893,61.33000183,60.11000061,60.95999908,665017,CL=F,Crude Oil Futures (CL=F)
2018-03-15 00:00:00-04:00,60.95000076,61.54000092,60.81999969,61.18999863,430201,CL=F,Crude Oil Futures (CL=F)
2018-03-16 00:00:00-04:00,61.18999863,62.54000092,61.08000183,62.34000015,202493,CL=F,Crude Oil Futures (CL=F)
2018-03-19 00:00:00-04:00,62.22999954,62.34999847,61.36000061,62.06000137,115962,CL=F,Crude Oil Futures (CL=F)
2018-03-20 00:00:00-04:00,62.09999847,63.81000137,62.08000183,63.40000153,717709,CL=F,Crude Oil Futures (CL=F)
2018-03-21 00:00:00-04:00,63.72000122,65.55000305,63.58000183,65.16999817,763768,CL=F,Crude Oil Futures (CL=F)
2018-03-22 00:00:00-04:00,65.5,65.73999786,64.13999939,64.30000305,689172,CL=F,Crude Oil Futures (CL=F)
2018-03-23 00:00:00-04:00,64.27999878,66,64.11000061,65.87999725,752994,CL=F,Crude Oil Futures (CL=F)
2018-03-26 00:00:00-04:00,65.90000153,66.55000305,65.08000183,65.55000305,585899,CL=F,Crude Oil Futures (CL=F)
2018-03-27 00:00:00-04:00,65.52999878,66.41000366,64.52999878,65.25,670811,CL=F,Crude Oil Futures (CL=F)
2018-03-28 00:00:00-04:00,64.69999695,65.12999725,63.72000122,64.37999725,697678,CL=F,Crude Oil Futures (CL=F)
2018-03-29 00:00:00-04:00,64.69000244,65.26000214,64.16000366,64.94000244,562819,CL=F,Crude Oil Futures (CL=F)
2018-04-02 00:00:00-04:00,64.91000366,65.41999817,62.79999924,63.00999832,582742,CL=F,Crude Oil Futures (CL=F)
2018-04-03 00:00:00-04:00,62.88999939,63.86000061,62.86000061,63.50999832,527289,CL=F,Crude Oil Futures (CL=F)
2018-04-04 00:00:00-04:00,63.59000015,63.63999939,62.06000137,63.36999893,760596,CL=F,Crude Oil Futures (CL=F)
2018-04-05 00:00:00-04:00,63.59999847,64.12000275,63.06999969,63.54000092,588597,CL=F,Crude Oil Futures (CL=F)
2018-04-06 00:00:00-04:00,63.70000076,63.79000092,61.81000137,62.06000137,753262,CL=F,Crude Oil Futures (CL=F)
2018-04-09 00:00:00-04:00,62,63.61000061,61.93000031,63.41999817,655831,CL=F,Crude Oil Futures (CL=F)
2018-04-10 00:00:00-04:00,63.29999924,65.86000061,63.20000076,65.51000214,840280,CL=F,Crude Oil Futures (CL=F)
2018-04-11 00:00:00-04:00,65.58999634,67.44999695,65.15000153,66.81999969,963017,CL=F,Crude Oil Futures (CL=F)
2018-04-12 00:00:00-04:00,66.75,67.33000183,66,67.06999969,687468,CL=F,Crude Oil Futures (CL=F)
2018-04-13 00:00:00-04:00,67.18000031,67.76000214,66.69999695,67.38999939,624203,CL=F,Crude Oil Futures (CL=F)
2018-04-16 00:00:00-04:00,67.23999786,67.73999786,66.12999725,66.22000122,560076,CL=F,Crude Oil Futures (CL=F)
2018-04-17 00:00:00-04:00,66.41999817,66.75,65.55999756,66.51999664,486076,CL=F,Crude Oil Futures (CL=F)
2018-04-18 00:00:00-04:00,66.68000031,68.91000366,66.55999756,68.47000122,221664,CL=F,Crude Oil Futures (CL=F)
2018-04-19 00:00:00-04:00,68.75,69.55999756,67.98000336,68.29000092,125993,CL=F,Crude Oil Futures (CL=F)
2018-04-20 00:00:00-04:00,68.26000214,68.62000275,67.5,68.37999725,724906,CL=F,Crude Oil Futures (CL=F)
2018-04-23 00:00:00-04:00,68.22000122,69.02999878,67.13999939,68.63999939,740941,CL=F,Crude Oil Futures (CL=F)
2018-04-24 00:00:00-04:00,68.94999695,69.37999725,67.54000092,67.69999695,832296,CL=F,Crude Oil Futures (CL=F)
2018-04-25 00:00:00-04:00,67.75,68.18000031,67.11000061,68.05000305,764049,CL=F,Crude Oil Futures (CL=F)
2018-04-26 00:00:00-04:00,68.02999878,68.77999878,67.70999908,68.19000244,660549,CL=F,Crude Oil Futures (CL=F)
2018-04-27 00:00:00-04:00,68.20999908,68.36000061,67.63999939,68.09999847,542549,CL=F,Crude Oil Futures (CL=F)
2018-04-30 00:00:00-04:00,68.15000153,69.33999634,67.16999817,68.56999969,755186,CL=F,Crude Oil Futures (CL=F)
2018-05-01 00:00:00-04:00,68.55999756,68.90000153,66.84999847,67.25,694771,CL=F,Crude Oil Futures (CL=F)
2018-05-02 00:00:00-04:00,67.48999786,68.13999939,66.91999817,67.93000031,789367,CL=F,Crude Oil Futures (CL=F)
2018-05-03 00:00:00-04:00,67.68000031,68.59999847,67.20999908,68.43000031,691219,CL=F,Crude Oil Futures (CL=F)
2018-05-04 00:00:00-04:00,68.5,69.97000122,68.12000275,69.72000122,690876,CL=F,Crude Oil Futures (CL=F)
2018-05-07 00:00:00-04:00,69.84999847,70.83999634,69.51000214,70.73000336,758916,CL=F,Crude Oil Futures (CL=F)
2018-05-08 00:00:00-04:00,70.02999878,70.40000153,67.62999725,69.05999756,1253566,CL=F,Crude Oil Futures (CL=F)
2018-05-09 00:00:00-04:00,70.05000305,71.36000061,69.84999847,71.13999939,863386,CL=F,Crude Oil Futures (CL=F)
2018-05-10 00:00:00-04:00,71.23000336,71.88999939,70.55999756,71.36000061,749808,CL=F,Crude Oil Futures (CL=F)
2018-05-11 00:00:00-04:00,71.44999695,71.62999725,70.44999695,70.69999695,634145,CL=F,Crude Oil Futures (CL=F)
2018-05-14 00:00:00-04:00,70.54000092,71.26000214,70.26000214,70.95999908,592826,CL=F,Crude Oil Futures (CL=F)
2018-05-15 00:00:00-04:00,71.15000153,71.91999817,70.41999817,71.30999756,815289,CL=F,Crude Oil Futures (CL=F)
2018-05-16 00:00:00-04:00,71.01999664,71.58999634,70.66000366,71.48999786,574279,CL=F,Crude Oil Futures (CL=F)
2018-05-17 00:00:00-04:00,71.55999756,72.30000305,71.08999634,71.48999786,562639,CL=F,Crude Oil Futures (CL=F)
2018-05-18 00:00:00-04:00,71.59999847,71.75,70.98999786,71.27999878,211785,CL=F,Crude Oil Futures (CL=F)
2018-05-21 00:00:00-04:00,71.47000122,72.58999634,71.25,72.23999786,119892,CL=F,Crude Oil Futures (CL=F)
2018-05-22 00:00:00-04:00,72.52999878,72.83000183,71.90000153,72.12999725,723458,CL=F,Crude Oil Futures (CL=F)
2018-05-23 00:00:00-04:00,72.11000061,72.26000214,71.19000244,71.83999634,702791,CL=F,Crude Oil Futures (CL=F)
2018-05-24 00:00:00-04:00,71.83000183,72,70.51999664,70.70999908,640725,CL=F,Crude Oil Futures (CL=F)
2018-05-25 00:00:00-04:00,70.65000153,70.80000305,67.41999817,67.87999725,955354,CL=F,Crude Oil Futures (CL=F)
2018-05-29 00:00:00-04:00,66.48999786,67.34999847,65.91999817,66.73000336,1059750,CL=F,Crude Oil Futures (CL=F)
2018-05-30 00:00:00-04:00,66.84999847,68.66999817,66.34999847,68.20999908,726886,CL=F,Crude Oil Futures (CL=F)
2018-05-31 00:00:00-04:00,68.23999786,68.30000305,66.55999756,67.04000092,917563,CL=F,Crude Oil Futures (CL=F)
2018-06-01 00:00:00-04:00,67.06999969,67.33999634,65.51000214,65.80999756,781103,CL=F,Crude Oil Futures (CL=F)
2018-06-04 00:00:00-04:00,65.70999908,66.04000092,64.56999969,64.75,696050,CL=F,Crude Oil Futures (CL=F)
2018-06-05 00:00:00-04:00,64.94000244,65.56999969,64.22000122,65.51999664,714674,CL=F,Crude Oil Futures (CL=F)
2018-06-06 00:00:00-04:00,65.51000214,65.95999908,64.26999664,64.73000336,708829,CL=F,Crude Oil Futures (CL=F)
2018-06-07 00:00:00-04:00,65.06999969,66.06999969,64.80999756,65.94999695,675041,CL=F,Crude Oil Futures (CL=F)
2018-06-08 00:00:00-04:00,65.98000336,66.23999786,65.15000153,65.73999786,571224,CL=F,Crude Oil Futures (CL=F)
2018-06-11 00:00:00-04:00,65.55999756,66.34999847,64.84999847,66.09999847,558281,CL=F,Crude Oil Futures (CL=F)
2018-06-12 00:00:00-04:00,66.05000305,66.69999695,65.87000275,66.36000061,524411,CL=F,Crude Oil Futures (CL=F)
2018-06-13 00:00:00-04:00,66.01000214,66.88999939,65.51999664,66.63999939,626398,CL=F,Crude Oil Futures (CL=F)
2018-06-14 00:00:00-04:00,66.62000275,67.16000366,66.36000061,66.88999939,460168,CL=F,Crude Oil Futures (CL=F)
2018-06-15 00:00:00-04:00,66.62000275,67.16000366,64.29000092,65.05999756,512591,CL=F,Crude Oil Futures (CL=F)
2018-06-18 00:00:00-04:00,64.40000153,65.98000336,63.59000015,65.84999847,218933,CL=F,Crude Oil Futures (CL=F)
2018-06-19 00:00:00-04:00,65.81999969,65.90000153,64.38999939,65.06999969,122646,CL=F,Crude Oil Futures (CL=F)
2018-06-20 00:00:00-04:00,65.11000061,66.52999878,65.01000214,66.22000122,801625,CL=F,Crude Oil Futures (CL=F)
2018-06-21 00:00:00-04:00,65.33999634,66.22000122,64.33999634,65.54000092,760719,CL=F,Crude Oil Futures (CL=F)
2018-06-22 00:00:00-04:00,65.93000031,69.37999725,65.70999908,68.58000183,1136232,CL=F,Crude Oil Futures (CL=F)
2018-06-25 00:00:00-04:00,68.75,69.44000244,67.77999878,68.08000183,816207,CL=F,Crude Oil Futures (CL=F)
2018-06-26 00:00:00-04:00,68.20999908,70.91000366,67.72000122,70.52999878,848537,CL=F,Crude Oil Futures (CL=F)
2018-06-27 00:00:00-04:00,70.68000031,73.05999756,70.55999756,72.76000214,775155,CL=F,Crude Oil Futures (CL=F)
2018-06-28 00:00:00-04:00,72.26999664,74.02999878,72.19999695,73.44999695,717347,CL=F,Crude Oil Futures (CL=F)
2018-06-29 00:00:00-04:00,73.33000183,74.45999908,72.93000031,74.15000153,602399,CL=F,Crude Oil Futures (CL=F)
2018-07-02 00:00:00-04:00,73.62000275,74.34999847,72.51000214,73.94000244,652167,CL=F,Crude Oil Futures (CL=F)
2018-07-03 00:00:00-04:00,74.08000183,75.26999664,72.73000336,74.13999939,667235,CL=F,Crude Oil Futures (CL=F)
2018-07-05 00:00:00-04:00,74.34999847,74.80000305,72.52999878,72.94000244,841632,CL=F,Crude Oil Futures (CL=F)
2018-07-06 00:00:00-04:00,73.16000366,74.01000214,72.13999939,73.80000305,611419,CL=F,Crude Oil Futures (CL=F)
2018-07-09 00:00:00-04:00,73.87000275,74.27999878,72.98999786,73.84999847,533003,CL=F,Crude Oil Futures (CL=F)
2018-07-10 00:00:00-04:00,74.04000092,74.69999695,73.65000153,74.11000061,586829,CL=F,Crude Oil Futures (CL=F)
2018-07-11 00:00:00-04:00,74.19999695,74.26000214,70.01999664,70.37999725,861726,CL=F,Crude Oil Futures (CL=F)
2018-07-12 00:00:00-04:00,70.59999847,71.23999786,69.23000336,70.33000183,707887,CL=F,Crude Oil Futures (CL=F)
2018-07-13 00:00:00-04:00,70.37999725,71.66000366,69.83999634,71.01000214,530277,CL=F,Crude Oil Futures (CL=F)
2018-07-16 00:00:00-04:00,70.51999664,70.87000275,67.58000183,68.05999756,530480,CL=F,Crude Oil Futures (CL=F)
2018-07-17 00:00:00-04:00,68.02999878,68.44000244,67.02999878,68.08000183,440727,CL=F,Crude Oil Futures (CL=F)
2018-07-18 00:00:00-04:00,67.61000061,69.05999756,67.04000092,68.76000214,187313,CL=F,Crude Oil Futures (CL=F)
2018-07-19 00:00:00-04:00,69,70.16999817,67.80000305,69.45999908,103220,CL=F,Crude Oil Futures (CL=F)
2018-07-20 00:00:00-04:00,69.38999939,71.09999847,69.37000275,70.45999908,500967,CL=F,Crude Oil Futures (CL=F)
2018-07-23 00:00:00-04:00,68.16999817,69.30999756,67.59999847,67.88999939,555915,CL=F,Crude Oil Futures (CL=F)
2018-07-24 00:00:00-04:00,67.80000305,69.05000305,67.55999756,68.51999664,524591,CL=F,Crude Oil Futures (CL=F)
2018-07-25 00:00:00-04:00,68.76999664,69.69999695,68.19999695,69.30000305,622913,CL=F,Crude Oil Futures (CL=F)
2018-07-26 00:00:00-04:00,69.37999725,69.91999817,68.91999817,69.61000061,489059,CL=F,Crude Oil Futures (CL=F)
2018-07-27 00:00:00-04:00,69.58000183,69.76999664,68.26000214,68.69000244,460450,CL=F,Crude Oil Futures (CL=F)
2018-07-30 00:00:00-04:00,69.01000214,70.43000031,68.80000305,70.12999725,463011,CL=F,Crude Oil Futures (CL=F)
2018-07-31 00:00:00-04:00,70.05000305,70.22000122,67.98000336,68.76000214,519070,CL=F,Crude Oil Futures (CL=F)
2018-08-01 00:00:00-04:00,68.43000031,68.51999664,67.30999756,67.66000366,576561,CL=F,Crude Oil Futures (CL=F)
2018-08-02 00:00:00-04:00,67.86000061,69.36000061,66.91999817,68.95999908,531071,CL=F,Crude Oil Futures (CL=F)
2018-08-03 00:00:00-04:00,68.98999786,69.23999786,67.87000275,68.48999786,476615,CL=F,Crude Oil Futures (CL=F)
2018-08-06 00:00:00-04:00,68.65000153,69.91999817,68.5,69.01000214,495605,CL=F,Crude Oil Futures (CL=F)
2018-08-07 00:00:00-04:00,68.90000153,69.83000183,68.80999756,69.16999817,485027,CL=F,Crude Oil Futures (CL=F)
2018-08-08 00:00:00-04:00,69.08999634,69.37000275,66.31999969,66.94000244,760313,CL=F,Crude Oil Futures (CL=F)
2018-08-09 00:00:00-04:00,66.79000092,67.41000366,66.48999786,66.80999756,509401,CL=F,Crude Oil Futures (CL=F)
2018-08-10 00:00:00-04:00,66.73999786,67.87000275,66.13999939,67.62999725,524490,CL=F,Crude Oil Futures (CL=F)
2018-08-13 00:00:00-04:00,67.77999878,67.94999695,65.70999908,67.19999695,578219,CL=F,Crude Oil Futures (CL=F)
2018-08-14 00:00:00-04:00,67.41999817,68.37000275,66.58000183,67.04000092,538484,CL=F,Crude Oil Futures (CL=F)
2018-08-15 00:00:00-04:00,66.62000275,66.90000153,64.51000214,65.01000214,573473,CL=F,Crude Oil Futures (CL=F)
2018-08-16 00:00:00-04:00,64.94999695,65.51999664,64.43000031,65.45999908,383380,CL=F,Crude Oil Futures (CL=F)
2018-08-17 00:00:00-04:00,65.47000122,66.38999939,65.30000305,65.91000366,171403,CL=F,Crude Oil Futures (CL=F)
2018-08-20 00:00:00-04:00,65.91000366,66.68000031,65.58999634,66.43000031,112709,CL=F,Crude Oil Futures (CL=F)
2018-08-21 00:00:00-04:00,66.62000275,68.09999847,66.51999664,67.34999847,437164,CL=F,Crude Oil Futures (CL=F)
2018-08-22 00:00:00-04:00,66.08000183,68.15000153,65.98000336,67.86000061,581899,CL=F,Crude Oil Futures (CL=F)
2018-08-23 00:00:00-04:00,68.06999969,68.12000275,67.31999969,67.83000183,450690,CL=F,Crude Oil Futures (CL=F)
2018-08-24 00:00:00-04:00,67.90000153,69.30999756,67.77999878,68.72000122,517796,CL=F,Crude Oil Futures (CL=F)
2018-08-27 00:00:00-04:00,68.56999969,68.97000122,68.33999634,68.87000275,332612,CL=F,Crude Oil Futures (CL=F)
2018-08-28 00:00:00-04:00,68.93000031,69.19999695,68.20999908,68.52999878,426833,CL=F,Crude Oil Futures (CL=F)
2018-08-29 00:00:00-04:00,68.54000092,69.76000214,68.37000275,69.51000214,497095,CL=F,Crude Oil Futures (CL=F)
2018-08-30 00:00:00-04:00,69.70999908,70.5,69.55000305,70.25,445584,CL=F,Crude Oil Futures (CL=F)
2018-08-31 00:00:00-04:00,70.05999756,70.36000061,69.63999939,69.80000305,419739,CL=F,Crude Oil Futures (CL=F)
2018-09-04 00:00:00-04:00,70.12000275,71.40000153,69.08000183,69.87000275,785981,CL=F,Crude Oil Futures (CL=F)
2018-09-05 00:00:00-04:00,69.43000031,69.58999634,68.55999756,68.72000122,542104,CL=F,Crude Oil Futures (CL=F)
2018-09-06 00:00:00-04:00,68.63999939,69.01999664,67,67.76999664,633824,CL=F,Crude Oil Futures (CL=F)
2018-09-07 00:00:00-04:00,67.87999725,68.08000183,66.86000061,67.75,530895,CL=F,Crude Oil Futures (CL=F)
2018-09-10 00:00:00-04:00,67.81999969,68.51999664,67.33000183,67.54000092,571174,CL=F,Crude Oil Futures (CL=F)
2018-09-11 00:00:00-04:00,67.52999878,70.01000214,67.48000336,69.25,676869,CL=F,Crude Oil Futures (CL=F)
2018-09-12 00:00:00-04:00,69.88999939,71.26000214,69.5,70.37000275,800543,CL=F,Crude Oil Futures (CL=F)
2018-09-13 00:00:00-04:00,70.23999786,70.27999878,68.34999847,68.58999634,684937,CL=F,Crude Oil Futures (CL=F)
2018-09-14 00:00:00-04:00,68.79000092,69.91000366,67.94000244,68.98999786,611075,CL=F,Crude Oil Futures (CL=F)
2018-09-17 00:00:00-04:00,68.93000031,69.72000122,68.52999878,68.91000366,422294,CL=F,Crude Oil Futures (CL=F)
2018-09-18 00:00:00-04:00,68.80000305,70.41999817,68.52999878,69.84999847,234202,CL=F,Crude Oil Futures (CL=F)
2018-09-19 00:00:00-04:00,69.70999908,71.5,69.65000153,71.12000275,125208,CL=F,Crude Oil Futures (CL=F)
2018-09-20 00:00:00-04:00,71.38999939,71.80999756,70.73000336,70.80000305,607520,CL=F,Crude Oil Futures (CL=F)
2018-09-21 00:00:00-04:00,70.19999695,71.80000305,69.98000336,70.77999878,855943,CL=F,Crude Oil Futures (CL=F)
2018-09-24 00:00:00-04:00,71.13999939,72.73999786,71.13999939,72.08000183,576894,CL=F,Crude Oil Futures (CL=F)
2018-09-25 00:00:00-04:00,72.25,72.77999878,71.88999939,72.27999878,551280,CL=F,Crude Oil Futures (CL=F)
2018-09-26 00:00:00-04:00,72.08999634,72.37999725,71.47000122,71.56999969,464463,CL=F,Crude Oil Futures (CL=F)
2018-09-27 00:00:00-04:00,72.01000214,72.59999847,71.70999908,72.12000275,454549,CL=F,Crude Oil Futures (CL=F)
2018-09-28 00:00:00-04:00,72.18000031,73.73000336,71.87999725,73.25,544047,CL=F,Crude Oil Futures (CL=F)
2018-10-01 00:00:00-04:00,73.29000092,75.76999664,72.94999695,75.30000305,601451,CL=F,Crude Oil Futures (CL=F)
2018-10-02 00:00:00-04:00,75.41999817,75.91000366,74.93000031,75.23000336,463615,CL=F,Crude Oil Futures (CL=F)
2018-10-03 00:00:00-04:00,75.12000275,76.90000153,74.30000305,76.41000366,698817,CL=F,Crude Oil Futures (CL=F)
2018-10-04 00:00:00-04:00,76.18000031,76.47000122,73.87999725,74.33000183,687949,CL=F,Crude Oil Futures (CL=F)
2018-10-05 00:00:00-04:00,74.66999817,75.22000122,73.83999634,74.33999634,613218,CL=F,Crude Oil Futures (CL=F)
2018-10-08 00:00:00-04:00,74.40000153,74.58000183,73.06999969,74.29000092,554938,CL=F,Crude Oil Futures (CL=F)
2018-10-09 00:00:00-04:00,74.20999908,75.27999878,74,74.95999908,623537,CL=F,Crude Oil Futures (CL=F)
2018-10-10 00:00:00-04:00,74.66000366,75.08000183,72.37999725,73.16999817,652737,CL=F,Crude Oil Futures (CL=F)
2018-10-11 00:00:00-04:00,72.68000031,72.76000214,70.51000214,70.97000122,783962,CL=F,Crude Oil Futures (CL=F)
2018-10-12 00:00:00-04:00,70.98999786,72.01000214,70.63999939,71.33999634,626668,CL=F,Crude Oil Futures (CL=F)
2018-10-15 00:00:00-04:00,71.84999847,72.69999695,70.84999847,71.77999878,568610,CL=F,Crude Oil Futures (CL=F)
2018-10-16 00:00:00-04:00,71.72000122,72.29000092,71.01999664,71.91999817,535003,CL=F,Crude Oil Futures (CL=F)
2018-10-17 00:00:00-04:00,72.16999817,72.43000031,69.43000031,69.75,651584,CL=F,Crude Oil Futures (CL=F)
2018-10-18 00:00:00-04:00,70.02999878,70.02999878,68.47000122,68.65000153,215337,CL=F,Crude Oil Futures (CL=F)
2018-10-19 00:00:00-04:00,68.68000031,69.76999664,68.55999756,69.12000275,108311,CL=F,Crude Oil Futures (CL=F)
2018-10-22 00:00:00-04:00,69.41000366,69.65000153,68.26999664,69.16999817,513770,CL=F,Crude Oil Futures (CL=F)
2018-10-23 00:00:00-04:00,69.55000305,69.66000366,65.73999786,66.43000031,853265,CL=F,Crude Oil Futures (CL=F)
2018-10-24 00:00:00-04:00,66.16999817,67.72000122,66.05000305,66.81999969,775963,CL=F,Crude Oil Futures (CL=F)
2018-10-25 00:00:00-04:00,66.36000061,67.65000153,65.98999786,67.33000183,573096,CL=F,Crude Oil Futures (CL=F)
2018-10-26 00:00:00-04:00,66.94999695,67.87999725,66.19999695,67.58999634,595211,CL=F,Crude Oil Futures (CL=F)
2018-10-29 00:00:00-04:00,67.55000305,67.94999695,66.29000092,67.04000092,477487,CL=F,Crude Oil Futures (CL=F)
2018-10-30 00:00:00-04:00,66.68000031,67.26000214,65.33000183,66.18000031,680441,CL=F,Crude Oil Futures (CL=F)
2018-10-31 00:00:00-04:00,66.31999969,67,64.80999756,65.30999756,666487,CL=F,Crude Oil Futures (CL=F)
2018-11-01 00:00:00-04:00,64.87999725,65.38999939,63.11000061,63.68999863,790286,CL=F,Crude Oil Futures (CL=F)
2018-11-02 00:00:00-04:00,63.5,63.95000076,62.63000107,63.13999939,708906,CL=F,Crude Oil Futures (CL=F)
2018-11-05 00:00:00-05:00,62.99000168,64.13999939,62.52000046,63.09999847,609129,CL=F,Crude Oil Futures (CL=F)
2018-11-06 00:00:00-05:00,62.70000076,63.31999969,61.31000137,62.20999908,761240,CL=F,Crude Oil Futures (CL=F)
2018-11-07 00:00:00-05:00,61.74000168,63.18000031,61.20000076,61.66999817,866628,CL=F,Crude Oil Futures (CL=F)
2018-11-08 00:00:00-05:00,61.63999939,62.41999817,60.40000153,60.66999817,764546,CL=F,Crude Oil Futures (CL=F)
2018-11-09 00:00:00-05:00,60.75,60.79000092,59.25999832,60.18999863,821729,CL=F,Crude Oil Futures (CL=F)
2018-11-12 00:00:00-05:00,60.70000076,61.27999878,58.68000031,59.93000031,806219,CL=F,Crude Oil Futures (CL=F)
2018-11-13 00:00:00-05:00,58.88000107,59.34999847,54.75,55.68999863,1095643,CL=F,Crude Oil Futures (CL=F)
2018-11-14 00:00:00-05:00,55.27000046,57.36999893,55.13000107,56.25,844696,CL=F,Crude Oil Futures (CL=F)
2018-11-15 00:00:00-05:00,56.02000046,57.25999832,55.59000015,56.45999908,256499,CL=F,Crude Oil Futures (CL=F)
2018-11-16 00:00:00-05:00,56.58000183,57.95999908,55.88999939,56.45999908,159001,CL=F,Crude Oil Futures (CL=F)
2018-11-19 00:00:00-05:00,56.72000122,57.33000183,55.08000183,56.75999832,699684,CL=F,Crude Oil Futures (CL=F)
2018-11-20 00:00:00-05:00,57.38999939,57.43999863,52.77000046,53.43000031,983120,CL=F,Crude Oil Futures (CL=F)
2018-11-21 00:00:00-05:00,53.38999939,55.86000061,53.38999939,54.63000107,734277,CL=F,Crude Oil Futures (CL=F)
2018-11-23 00:00:00-05:00,53.86999893,54.11999893,50.15000153,50.41999817,1014667,CL=F,Crude Oil Futures (CL=F)
2018-11-26 00:00:00-05:00,50.61999893,52.25,50.09999847,51.63000107,663108,CL=F,Crude Oil Futures (CL=F)
2018-11-27 00:00:00-05:00,51.54000092,52.38000107,50.29999924,51.56000137,764010,CL=F,Crude Oil Futures (CL=F)
2018-11-28 00:00:00-05:00,52.09000015,52.56000137,50.06000137,50.29000092,831688,CL=F,Crude Oil Futures (CL=F)
2018-11-29 00:00:00-05:00,50.31000137,52.20000076,49.40999985,51.45000076,812721,CL=F,Crude Oil Futures (CL=F)
2018-11-30 00:00:00-05:00,51.27000046,51.79000092,49.65000153,50.93000031,796714,CL=F,Crude Oil Futures (CL=F)
2018-12-03 00:00:00-05:00,52.45000076,53.84999847,52.02999878,52.95000076,758010,CL=F,Crude Oil Futures (CL=F)
2018-12-04 00:00:00-05:00,53.13000107,54.54999924,52.43000031,53.25,738130,CL=F,Crude Oil Futures (CL=F)
2018-12-06 00:00:00-05:00,52.93000031,53.29999924,50.08000183,51.49000168,987266,CL=F,Crude Oil Futures (CL=F)
2018-12-07 00:00:00-05:00,51.75999832,54.22000122,50.59999847,52.61000061,987717,CL=F,Crude Oil Futures (CL=F)
2018-12-10 00:00:00-05:00,52.02999878,52.81000137,50.52999878,51,733225,CL=F,Crude Oil Futures (CL=F)
2018-12-11 00:00:00-05:00,50.88999939,52.43000031,50.70000076,51.65000153,665262,CL=F,Crude Oil Futures (CL=F)
2018-12-12 00:00:00-05:00,51.95000076,52.88000107,50.93999863,51.15000153,730810,CL=F,Crude Oil Futures (CL=F)
2018-12-13 00:00:00-05:00,51.20000076,53.27000046,50.34999847,52.58000183,733627,CL=F,Crude Oil Futures (CL=F)
2018-12-14 00:00:00-05:00,52.83000183,52.95000076,50.84000015,51.20000076,526839,CL=F,Crude Oil Futures (CL=F)
2018-12-17 00:00:00-05:00,51.25,51.86999893,49.00999832,49.88000107,211257,CL=F,Crude Oil Futures (CL=F)
2018-12-18 00:00:00-05:00,49.15999985,49.59000015,45.79000092,46.24000168,120101,CL=F,Crude Oil Futures (CL=F)
2018-12-19 00:00:00-05:00,45.93000031,48,45.93000031,47.20000076,817721,CL=F,Crude Oil Futures (CL=F)
2018-12-20 00:00:00-05:00,47.38999939,47.50999832,45.66999817,45.88000107,794130,CL=F,Crude Oil Futures (CL=F)
2018-12-21 00:00:00-05:00,46.25,46.77000046,45.13000107,45.59000015,694003,CL=F,Crude Oil Futures (CL=F)
2018-12-24 00:00:00-05:00,45.45000076,46.24000168,42.36000061,42.52999878,415859,CL=F,Crude Oil Futures (CL=F)
2018-12-26 00:00:00-05:00,42.84999847,47,42.52000046,46.22000122,698408,CL=F,Crude Oil Futures (CL=F)
2018-12-27 00:00:00-05:00,46.58000183,46.70000076,44.36999893,44.61000061,665590,CL=F,Crude Oil Futures (CL=F)
2018-12-28 00:00:00-05:00,45.43999863,46.22000122,44.41999817,45.33000183,564385,CL=F,Crude Oil Futures (CL=F)
2018-12-31 00:00:00-05:00,45.22000122,46.52999878,44.72999954,45.40999985,476970,CL=F,Crude Oil Futures (CL=F)
2019-01-02 00:00:00-05:00,45.79999924,47.77999878,44.34999847,46.54000092,850480,CL=F,Crude Oil Futures (CL=F)
2019-01-03 00:00:00-05:00,46.25999832,47.49000168,45.34999847,47.09000015,788718,CL=F,Crude Oil Futures (CL=F)
2019-01-04 00:00:00-05:00,46.90000153,49.22000122,46.65000153,47.95999908,817277,CL=F,Crude Oil Futures (CL=F)
2019-01-07 00:00:00-05:00,48.29999924,49.79000092,48.11000061,48.52000046,819939,CL=F,Crude Oil Futures (CL=F)
2019-01-08 00:00:00-05:00,48.72999954,49.95000076,48.31000137,49.77999878,765981,CL=F,Crude Oil Futures (CL=F)
2019-01-09 00:00:00-05:00,49.79999924,52.58000183,49.70999908,52.36000061,891922,CL=F,Crude Oil Futures (CL=F)
2019-01-10 00:00:00-05:00,52.18000031,52.77999878,51.36999893,52.59000015,821782,CL=F,Crude Oil Futures (CL=F)
2019-01-11 00:00:00-05:00,52.27999878,53.31000137,51.18000031,51.59000015,812339,CL=F,Crude Oil Futures (CL=F)
2019-01-14 00:00:00-05:00,51.72999954,52.11000061,50.38000107,50.50999832,791527,CL=F,Crude Oil Futures (CL=F)
2019-01-15 00:00:00-05:00,50.77999878,52.29999924,50.63999939,52.11000061,664183,CL=F,Crude Oil Futures (CL=F)
2019-01-16 00:00:00-05:00,52,52.52000046,51.25999832,52.31000137,694182,CL=F,Crude Oil Futures (CL=F)
2019-01-17 00:00:00-05:00,52.29999924,52.58000183,50.97999954,52.06999969,288560,CL=F,Crude Oil Futures (CL=F)
2019-01-18 00:00:00-05:00,52.22999954,53.91999817,52.09000015,53.79999924,193099,CL=F,Crude Oil Futures (CL=F)
2019-01-22 00:00:00-05:00,53.72999954,54.24000168,51.79999924,52.56999969,951158,CL=F,Crude Oil Futures (CL=F)
2019-01-23 00:00:00-05:00,52.95000076,53.63999939,51.86000061,52.61999893,702866,CL=F,Crude Oil Futures (CL=F)
2019-01-24 00:00:00-05:00,52.45000076,53.47000122,52.06999969,53.13000107,714415,CL=F,Crude Oil Futures (CL=F)
2019-01-25 00:00:00-05:00,53.16999817,53.93999863,52.90999985,53.68999863,593385,CL=F,Crude Oil Futures (CL=F)
2019-01-28 00:00:00-05:00,53.56000137,53.63999939,51.33000183,51.99000168,650667,CL=F,Crude Oil Futures (CL=F)
2019-01-29 00:00:00-05:00,52.11999893,53.93000031,51.84000015,53.31000137,660527,CL=F,Crude Oil Futures (CL=F)
2019-01-30 00:00:00-05:00,53.24000168,54.93000031,53.09000015,54.22999954,731312,CL=F,Crude Oil Futures (CL=F)
2019-01-31 00:00:00-05:00,54.27999878,55.36999893,53.61999893,53.79000092,718650,CL=F,Crude Oil Futures (CL=F)
2019-02-01 00:00:00-05:00,54.00999832,55.65999985,53.36999893,55.25999832,689566,CL=F,Crude Oil Futures (CL=F)
2019-02-04 00:00:00-05:00,55.31999969,55.75,53.29000092,54.56000137,622472,CL=F,Crude Oil Futures (CL=F)
2019-02-05 00:00:00-05:00,54.86000061,55.20999908,53.47000122,53.65999985,609756,CL=F,Crude Oil Futures (CL=F)
2019-02-06 00:00:00-05:00,53.72999954,54.29999924,52.86000061,54.00999832,606720,CL=F,Crude Oil Futures (CL=F)
2019-02-07 00:00:00-05:00,53.93999863,54.20999908,51.79999924,52.63999939,749010,CL=F,Crude Oil Futures (CL=F)
2019-02-08 00:00:00-05:00,52.59000015,52.99000168,52.08000183,52.72000122,621003,CL=F,Crude Oil Futures (CL=F)
2019-02-11 00:00:00-05:00,52.65999985,52.77999878,51.22999954,52.40999985,750242,CL=F,Crude Oil Futures (CL=F)
2019-02-12 00:00:00-05:00,52.47000122,54.04999924,52.29000092,53.09999847,708312,CL=F,Crude Oil Futures (CL=F)
2019-02-13 00:00:00-05:00,53.34999847,54.59999847,53.27000046,53.90000153,706552,CL=F,Crude Oil Futures (CL=F)
2019-02-14 00:00:00-05:00,53.95999908,54.68000031,53.08000183,54.40999985,623546,CL=F,Crude Oil Futures (CL=F)
2019-02-15 00:00:00-05:00,54.47999954,55.86999893,54.24000168,55.59000015,276907,CL=F,Crude Oil Futures (CL=F)
2019-02-19 00:00:00-05:00,55.77999878,56.33000183,55.29000092,56.09000015,153728,CL=F,Crude Oil Futures (CL=F)
2019-02-20 00:00:00-05:00,55.93999863,57.54999924,55.47999954,56.91999817,685111,CL=F,Crude Oil Futures (CL=F)
2019-02-21 00:00:00-05:00,57.24000168,57.61000061,56.63999939,56.95999908,546202,CL=F,Crude Oil Futures (CL=F)
2019-02-22 00:00:00-05:00,56.84000015,57.81000137,56.70999908,57.25999832,513439,CL=F,Crude Oil Futures (CL=F)
2019-02-25 00:00:00-05:00,57.16999817,57.52999878,55.08000183,55.47999954,723012,CL=F,Crude Oil Futures (CL=F)
2019-02-26 00:00:00-05:00,55.45999908,56.08000183,55.02000046,55.5,538919,CL=F,Crude Oil Futures (CL=F)
2019-02-27 00:00:00-05:00,55.95000076,57.38999939,55.72000122,56.93999863,577227,CL=F,Crude Oil Futures (CL=F)
2019-02-28 00:00:00-05:00,57,57.43000031,56.43000031,57.22000122,496678,CL=F,Crude Oil Futures (CL=F)
2019-03-01 00:00:00-05:00,57.22000122,57.88000107,55.56999969,55.79999924,684186,CL=F,Crude Oil Futures (CL=F)
2019-03-04 00:00:00-05:00,55.83000183,57,55.81000137,56.59000015,549396,CL=F,Crude Oil Futures (CL=F)
2019-03-05 00:00:00-05:00,56.45000076,57.18999863,56.09000015,56.56000137,538399,CL=F,Crude Oil Futures (CL=F)
2019-03-06 00:00:00-05:00,56.27999878,56.40000153,55.41999817,56.22000122,637677,CL=F,Crude Oil Futures (CL=F)
2019-03-07 00:00:00-05:00,56.20000076,56.99000168,56.08000183,56.65999985,628824,CL=F,Crude Oil Futures (CL=F)
2019-03-08 00:00:00-05:00,56.43000031,56.50999832,54.52000046,56.06999969,747358,CL=F,Crude Oil Futures (CL=F)
2019-03-11 00:00:00-04:00,56.06999969,57.00999832,55.95999908,56.79000092,597156,CL=F,Crude Oil Futures (CL=F)
2019-03-12 00:00:00-04:00,56.75999832,57.54999924,56.74000168,56.86999893,652798,CL=F,Crude Oil Futures (CL=F)
2019-03-13 00:00:00-04:00,57.09000015,58.47999954,57.00999832,58.25999832,610616,CL=F,Crude Oil Futures (CL=F)
2019-03-14 00:00:00-04:00,58.34999847,58.74000168,58,58.61000061,567604,CL=F,Crude Oil Futures (CL=F)
2019-03-15 00:00:00-04:00,58.50999832,58.95000076,57.74000168,58.52000046,507393,CL=F,Crude Oil Futures (CL=F)
2019-03-18 00:00:00-04:00,58.45000076,59.22999954,58.04999924,59.09000015,157241,CL=F,Crude Oil Futures (CL=F)
2019-03-19 00:00:00-04:00,59.00999832,59.56999969,58.61999893,59.02999878,114822,CL=F,Crude Oil Futures (CL=F)
2019-03-20 00:00:00-04:00,59.02000046,60.11999893,58.38999939,59.83000183,786342,CL=F,Crude Oil Futures (CL=F)
2019-03-21 00:00:00-04:00,59.99000168,60.38999939,59.65999985,59.97999954,655380,CL=F,Crude Oil Futures (CL=F)
2019-03-22 00:00:00-04:00,59.86999893,60.06999969,58.27999878,59.04000092,738840,CL=F,Crude Oil Futures (CL=F)
2019-03-25 00:00:00-04:00,58.97999954,59.34999847,58.16999817,58.81999969,705399,CL=F,Crude Oil Futures (CL=F)
2019-03-26 00:00:00-04:00,59.11999893,60.38000107,59.04000092,59.93999863,685988,CL=F,Crude Oil Futures (CL=F)
2019-03-27 00:00:00-04:00,60.02999878,60.22000122,58.81000137,59.40999985,732150,CL=F,Crude Oil Futures (CL=F)
2019-03-28 00:00:00-04:00,59.40000153,59.56000137,58.20000076,59.29999924,712209,CL=F,Crude Oil Futures (CL=F)
2019-03-29 00:00:00-04:00,59.52999878,60.72999954,59.40999985,60.13999939,705559,CL=F,Crude Oil Futures (CL=F)
2019-04-01 00:00:00-04:00,60.24000168,61.79999924,60.13000107,61.59000015,670808,CL=F,Crude Oil Futures (CL=F)
2019-04-02 00:00:00-04:00,61.81000137,62.75,61.59999847,62.58000183,793227,CL=F,Crude Oil Futures (CL=F)
2019-04-03 00:00:00-04:00,62.63999939,62.99000168,62.04999924,62.45999908,799672,CL=F,Crude Oil Futures (CL=F)
2019-04-04 00:00:00-04:00,62.5,62.77000046,61.88999939,62.09999847,684973,CL=F,Crude Oil Futures (CL=F)
2019-04-05 00:00:00-04:00,62.18000031,63.34000015,61.81999969,63.08000183,686862,CL=F,Crude Oil Futures (CL=F)
2019-04-08 00:00:00-04:00,63.33000183,64.48000336,63.13000107,64.40000153,895767,CL=F,Crude Oil Futures (CL=F)
2019-04-09 00:00:00-04:00,64.40000153,64.79000092,63.68000031,63.97999954,790677,CL=F,Crude Oil Futures (CL=F)
2019-04-10 00:00:00-04:00,64.22000122,64.69999695,64.05000305,64.61000061,722216,CL=F,Crude Oil Futures (CL=F)
2019-04-11 00:00:00-04:00,64.48000336,64.48999786,63.31000137,63.58000183,760504,CL=F,Crude Oil Futures (CL=F)
2019-04-12 00:00:00-04:00,63.70999908,64.65000153,63.65999985,63.88999939,625588,CL=F,Crude Oil Futures (CL=F)
2019-04-15 00:00:00-04:00,63.75999832,63.84000015,63.02999878,63.40000153,555858,CL=F,Crude Oil Futures (CL=F)
2019-04-16 00:00:00-04:00,63.56999969,64.37000275,62.99000168,64.05000305,547469,CL=F,Crude Oil Futures (CL=F)
2019-04-17 00:00:00-04:00,64.31999969,64.61000061,63.65999985,63.75999832,235376,CL=F,Crude Oil Futures (CL=F)
2019-04-18 00:00:00-04:00,63.75,64.16000366,63.45999908,64,148238,CL=F,Crude Oil Futures (CL=F)
2019-04-22 00:00:00-04:00,64,65.91999817,64,65.69999695,763527,CL=F,Crude Oil Futures (CL=F)
2019-04-23 00:00:00-04:00,65.75,66.59999847,65.58000183,66.30000305,700598,CL=F,Crude Oil Futures (CL=F)
2019-04-24 00:00:00-04:00,66.16999817,66.43000031,65.66000366,65.88999939,678386,CL=F,Crude Oil Futures (CL=F)
2019-04-25 00:00:00-04:00,65.80999756,66.27999878,64.90000153,65.20999908,603001,CL=F,Crude Oil Futures (CL=F)
2019-04-26 00:00:00-04:00,65.12999725,65.18000031,62.27999878,63.29999924,1000836,CL=F,Crude Oil Futures (CL=F)
2019-04-29 00:00:00-04:00,62.95000076,63.68999863,62.45999908,63.5,654076,CL=F,Crude Oil Futures (CL=F)
2019-04-30 00:00:00-04:00,63.58000183,64.75,63.29999924,63.90999985,750494,CL=F,Crude Oil Futures (CL=F)
2019-05-01 00:00:00-04:00,63.40000153,63.93000031,62.77000046,63.59999847,676872,CL=F,Crude Oil Futures (CL=F)
2019-05-02 00:00:00-04:00,63.61000061,63.68000031,60.95000076,61.81000137,914661,CL=F,Crude Oil Futures (CL=F)
2019-05-03 00:00:00-04:00,61.54999924,62.52000046,61.29999924,61.93999863,646866,CL=F,Crude Oil Futures (CL=F)
2019-05-06 00:00:00-04:00,61.43000031,62.95000076,60.04000092,62.25,768810,CL=F,Crude Oil Futures (CL=F)
2019-05-07 00:00:00-04:00,62.16999817,62.49000168,60.65999985,61.40000153,842810,CL=F,Crude Oil Futures (CL=F)
2019-05-08 00:00:00-04:00,61.43999863,62.36999893,61.06999969,62.11999893,791769,CL=F,Crude Oil Futures (CL=F)
2019-05-09 00:00:00-04:00,62.02000046,62.20999908,60.91999817,61.70000076,769583,CL=F,Crude Oil Futures (CL=F)
2019-05-10 00:00:00-04:00,61.63999939,62.49000168,61.41999817,61.65999985,786494,CL=F,Crude Oil Futures (CL=F)
2019-05-13 00:00:00-04:00,61.65000153,63.33000183,60.63999939,61.04000092,1003106,CL=F,Crude Oil Futures (CL=F)
2019-05-14 00:00:00-04:00,60.86000061,62.11000061,60.68999863,61.77999878,751668,CL=F,Crude Oil Futures (CL=F)
2019-05-15 00:00:00-04:00,61.36999893,62.34000015,60.84999847,62.02000046,723001,CL=F,Crude Oil Futures (CL=F)
2019-05-16 00:00:00-04:00,62.11999893,63.47999954,62.08000183,62.86999893,545679,CL=F,Crude Oil Futures (CL=F)
2019-05-17 00:00:00-04:00,63.11999893,63.63999939,62.52000046,62.75999832,215802,CL=F,Crude Oil Futures (CL=F)
2019-05-20 00:00:00-04:00,63.52999878,63.81000137,62.45000076,63.09999847,131888,CL=F,Crude Oil Futures (CL=F)
2019-05-21 00:00:00-04:00,63.27999878,63.59999847,62.75,62.99000168,641680,CL=F,Crude Oil Futures (CL=F)
2019-05-22 00:00:00-04:00,62.63999939,62.77999878,61.02999878,61.41999817,766728,CL=F,Crude Oil Futures (CL=F)
2019-05-23 00:00:00-04:00,61.27000046,61.29000092,57.33000183,57.90999985,1108052,CL=F,Crude Oil Futures (CL=F)
2019-05-24 00:00:00-04:00,58.20999908,59.09999847,57.5,58.63000107,758099,CL=F,Crude Oil Futures (CL=F)
2019-05-28 00:00:00-04:00,58.93999863,59.56999969,58.13000107,59.13999939,1020323,CL=F,Crude Oil Futures (CL=F)
2019-05-29 00:00:00-04:00,59.06999969,59.13999939,56.88000107,58.81000137,1124959,CL=F,Crude Oil Futures (CL=F)
2019-05-30 00:00:00-04:00,59.11999893,59.70000076,56.33000183,56.59000015,842281,CL=F,Crude Oil Futures (CL=F)
2019-05-31 00:00:00-04:00,56.45999908,56.61000061,53.04999924,53.5,1031488,CL=F,Crude Oil Futures (CL=F)
2019-06-03 00:00:00-04:00,53.41999817,54.63000107,52.11000061,53.25,984308,CL=F,Crude Oil Futures (CL=F)
2019-06-04 00:00:00-04:00,52.88999939,53.77999878,52.43000031,53.47999954,831625,CL=F,Crude Oil Futures (CL=F)
2019-06-05 00:00:00-04:00,52.86000061,53.40999985,50.59999847,51.68000031,943186,CL=F,Crude Oil Futures (CL=F)
2019-06-06 00:00:00-04:00,51.65999985,53.29999924,51.16999817,52.59000015,790067,CL=F,Crude Oil Futures (CL=F)
2019-06-07 00:00:00-04:00,53.09999847,54.31999969,52.61999893,53.99000168,828133,CL=F,Crude Oil Futures (CL=F)
2019-06-10 00:00:00-04:00,54.24000168,54.84000015,53.04999924,53.25999832,687146,CL=F,Crude Oil Futures (CL=F)
2019-06-11 00:00:00-04:00,53.43000031,54.04000092,52.90999985,53.27000046,642940,CL=F,Crude Oil Futures (CL=F)
2019-06-12 00:00:00-04:00,53.04000092,53.04999924,50.72000122,51.13999939,786105,CL=F,Crude Oil Futures (CL=F)
2019-06-13 00:00:00-04:00,51.06999969,53.45000076,50.91999817,52.27999878,945024,CL=F,Crude Oil Futures (CL=F)
2019-06-14 00:00:00-04:00,52.18000031,52.97999954,51.70000076,52.50999832,574229,CL=F,Crude Oil Futures (CL=F)
2019-06-17 00:00:00-04:00,52.5,52.74000168,51.58000183,51.93000031,397868,CL=F,Crude Oil Futures (CL=F)
2019-06-18 00:00:00-04:00,51.95000076,54.31000137,51.5,53.90000153,181640,CL=F,Crude Oil Futures (CL=F)
2019-06-19 00:00:00-04:00,54.09000015,54.41999817,53.27999878,53.75999832,122838,CL=F,Crude Oil Futures (CL=F)
2019-06-20 00:00:00-04:00,54.11999893,57.02000046,54.11000061,56.65000153,854514,CL=F,Crude Oil Futures (CL=F)
2019-06-21 00:00:00-04:00,57.25999832,57.97999954,56.65999985,57.43000031,676047,CL=F,Crude Oil Futures (CL=F)
2019-06-24 00:00:00-04:00,57.72000122,58.22000122,56.75,57.90000153,597164,CL=F,Crude Oil Futures (CL=F)
2019-06-25 00:00:00-04:00,57.74000168,58.84000015,57.20000076,57.83000183,673140,CL=F,Crude Oil Futures (CL=F)
2019-06-26 00:00:00-04:00,58.84000015,59.93000031,58.65000153,59.38000107,686817,CL=F,Crude Oil Futures (CL=F)
2019-06-27 00:00:00-04:00,59.27000046,59.72999954,58.61000061,59.43000031,531405,CL=F,Crude Oil Futures (CL=F)
2019-06-28 00:00:00-04:00,59.22000122,59.79999924,57.75,58.47000122,556101,CL=F,Crude Oil Futures (CL=F)
2019-07-01 00:00:00-04:00,59.27000046,60.27999878,58.34000015,59.09000015,674887,CL=F,Crude Oil Futures (CL=F)
2019-07-02 00:00:00-04:00,59.13999939,59.43000031,56.09000015,56.25,878938,CL=F,Crude Oil Futures (CL=F)
2019-07-03 00:00:00-04:00,56.49000168,57.47999954,56.04000092,57.34000015,600131,CL=F,Crude Oil Futures (CL=F)
2019-07-05 00:00:00-04:00,57.38000107,57.81999969,56.29000092,57.50999832,698015,CL=F,Crude Oil Futures (CL=F)
2019-07-08 00:00:00-04:00,57.77000046,58.45999908,57.29999924,57.65999985,540861,CL=F,Crude Oil Futures (CL=F)
2019-07-09 00:00:00-04:00,57.56000137,59.09999847,57.29000092,57.83000183,551872,CL=F,Crude Oil Futures (CL=F)
2019-07-10 00:00:00-04:00,58.40000153,60.52999878,58.34999847,60.43000031,690656,CL=F,Crude Oil Futures (CL=F)
2019-07-11 00:00:00-04:00,60.43999863,60.93999863,60.13999939,60.20000076,573019,CL=F,Crude Oil Futures (CL=F)
2019-07-12 00:00:00-04:00,60.45999908,60.74000168,59.93000031,60.20999908,469029,CL=F,Crude Oil Futures (CL=F)
2019-07-15 00:00:00-04:00,60.25,60.91999817,59.20000076,59.58000183,566818,CL=F,Crude Oil Futures (CL=F)
2019-07-16 00:00:00-04:00,59.25999832,60.06000137,57.06999969,57.61999893,712540,CL=F,Crude Oil Futures (CL=F)
2019-07-17 00:00:00-04:00,57.52000046,58.36000061,56.20999908,56.77999878,504432,CL=F,Crude Oil Futures (CL=F)
2019-07-18 00:00:00-04:00,56.59999847,57.31999969,54.72000122,55.29999924,215361,CL=F,Crude Oil Futures (CL=F)
2019-07-19 00:00:00-04:00,55.72000122,56.36000061,54.99000168,55.63000107,105217,CL=F,Crude Oil Futures (CL=F)
2019-07-22 00:00:00-04:00,56.22000122,56.84000015,55.72000122,56.22000122,619483,CL=F,Crude Oil Futures (CL=F)
2019-07-23 00:00:00-04:00,56.16999817,57.47000122,55.74000168,56.77000046,521876,CL=F,Crude Oil Futures (CL=F)
2019-07-24 00:00:00-04:00,57.22999954,57.63999939,55.33000183,55.88000107,745248,CL=F,Crude Oil Futures (CL=F)
2019-07-25 00:00:00-04:00,55.90000153,56.99000168,55.81000137,56.02000046,559282,CL=F,Crude Oil Futures (CL=F)
2019-07-26 00:00:00-04:00,55.93000031,56.56999969,55.68000031,56.20000076,476785,CL=F,Crude Oil Futures (CL=F)
2019-07-29 00:00:00-04:00,56.20000076,57.09999847,55.81000137,56.86999893,529742,CL=F,Crude Oil Futures (CL=F)
2019-07-30 00:00:00-04:00,57.06999969,58.47000122,56.95999908,58.04999924,547401,CL=F,Crude Oil Futures (CL=F)
2019-07-31 00:00:00-04:00,58.34000015,58.81999969,57.81000137,58.58000183,614001,CL=F,Crude Oil Futures (CL=F)
2019-08-01 00:00:00-04:00,57.84999847,57.99000168,53.59000015,53.95000076,886748,CL=F,Crude Oil Futures (CL=F)
2019-08-02 00:00:00-04:00,54.54000092,56.04999924,54.15000153,55.65999985,739810,CL=F,Crude Oil Futures (CL=F)
2019-08-05 00:00:00-04:00,55.38000107,55.61000061,54.22000122,54.68999863,823844,CL=F,Crude Oil Futures (CL=F)
2019-08-06 00:00:00-04:00,54.95000076,55.41999817,53.29000092,53.63000107,682794,CL=F,Crude Oil Futures (CL=F)
2019-08-07 00:00:00-04:00,53.41999817,53.77000046,50.52000046,51.09000015,1063214,CL=F,Crude Oil Futures (CL=F)
2019-08-08 00:00:00-04:00,52.33000183,53.06000137,51.93999863,52.54000092,724762,CL=F,Crude Oil Futures (CL=F)
2019-08-09 00:00:00-04:00,52.88000107,54.91999817,52.36999893,54.5,726386,CL=F,Crude Oil Futures (CL=F)
2019-08-12 00:00:00-04:00,54.31999969,55.18000031,53.54000092,54.93000031,611027,CL=F,Crude Oil Futures (CL=F)
2019-08-13 00:00:00-04:00,54.72999954,57.47000122,54.20999908,57.09999847,783486,CL=F,Crude Oil Futures (CL=F)
2019-08-14 00:00:00-04:00,56.74000168,56.84999847,53.97000122,55.22999954,718293,CL=F,Crude Oil Futures (CL=F)
2019-08-15 00:00:00-04:00,54.90000153,55.33000183,53.77000046,54.47000122,527866,CL=F,Crude Oil Futures (CL=F)
2019-08-16 00:00:00-04:00,54.74000168,55.66999817,54.25999832,54.86999893,168345,CL=F,Crude Oil Futures (CL=F)
2019-08-19 00:00:00-04:00,54.95999908,56.40999985,54.84000015,56.20999908,113571,CL=F,Crude Oil Futures (CL=F)
2019-08-20 00:00:00-04:00,56.09999847,56.59999847,55.27999878,56.34000015,659258,CL=F,Crude Oil Futures (CL=F)
2019-08-21 00:00:00-04:00,56.04999924,57.13000107,55.54999924,55.68000031,704035,CL=F,Crude Oil Futures (CL=F)
2019-08-22 00:00:00-04:00,55.93999863,56.45999908,54.84999847,55.34999847,621573,CL=F,Crude Oil Futures (CL=F)
2019-08-23 00:00:00-04:00,55.34999847,55.59999847,53.24000168,54.16999817,807151,CL=F,Crude Oil Futures (CL=F)
2019-08-26 00:00:00-04:00,53.25,55.25999832,52.95999908,53.63999939,679022,CL=F,Crude Oil Futures (CL=F)
2019-08-27 00:00:00-04:00,53.75999832,55.72000122,53.68999863,54.93000031,596624,CL=F,Crude Oil Futures (CL=F)
2019-08-28 00:00:00-04:00,55.70999908,56.75,55.34000015,55.77999878,674048,CL=F,Crude Oil Futures (CL=F)
2019-08-29 00:00:00-04:00,55.88000107,56.88999939,55.43000031,56.70999908,630760,CL=F,Crude Oil Futures (CL=F)
2019-08-30 00:00:00-04:00,56.63000107,56.72000122,54.54999924,55.09999847,708268,CL=F,Crude Oil Futures (CL=F)
2019-09-03 00:00:00-04:00,55,55.24000168,52.84000015,53.93999863,970804,CL=F,Crude Oil Futures (CL=F)
2019-09-04 00:00:00-04:00,53.91999817,56.58000183,53.84000015,56.25999832,682298,CL=F,Crude Oil Futures (CL=F)
2019-09-05 00:00:00-04:00,55.95000076,57.75999832,55.75,56.29999924,712466,CL=F,Crude Oil Futures (CL=F)
2019-09-06 00:00:00-04:00,56.18999863,56.95000076,54.83000183,56.52000046,714294,CL=F,Crude Oil Futures (CL=F)
2019-09-09 00:00:00-04:00,56.79999924,58.15999985,56.58000183,57.84999847,646993,CL=F,Crude Oil Futures (CL=F)
2019-09-10 00:00:00-04:00,58.02999878,58.75999832,57.20000076,57.40000153,755472,CL=F,Crude Oil Futures (CL=F)
2019-09-11 00:00:00-04:00,57.88999939,58.29999924,55.61000061,55.75,858772,CL=F,Crude Oil Futures (CL=F)
2019-09-12 00:00:00-04:00,55.93000031,56.34000015,54,55.09000015,845977,CL=F,Crude Oil Futures (CL=F)
2019-09-13 00:00:00-04:00,55.15000153,55.68000031,54.43999863,54.84999847,599470,CL=F,Crude Oil Futures (CL=F)
2019-09-16 00:00:00-04:00,61.47999954,63.38000107,58.77000046,62.90000153,1404916,CL=F,Crude Oil Futures (CL=F)
2019-09-17 00:00:00-04:00,61.95999908,62.59000015,58.45999908,59.34000015,993237,CL=F,Crude Oil Futures (CL=F)
2019-09-18 00:00:00-04:00,58.81000137,59.43000031,57.66999817,58.11000061,216961,CL=F,Crude Oil Futures (CL=F)
2019-09-19 00:00:00-04:00,58.20000076,59.54000092,58.00999832,58.13000107,112327,CL=F,Crude Oil Futures (CL=F)
2019-09-20 00:00:00-04:00,58.65000153,59.09999847,57.79000092,58.09000015,576019,CL=F,Crude Oil Futures (CL=F)
2019-09-23 00:00:00-04:00,59.25,59.38999939,57.36999893,58.63999939,526785,CL=F,Crude Oil Futures (CL=F)
2019-09-24 00:00:00-04:00,58.43999863,58.49000168,56.68999863,57.29000092,591529,CL=F,Crude Oil Futures (CL=F)
2019-09-25 00:00:00-04:00,56.70000076,57.02000046,55.54999924,56.49000168,563550,CL=F,Crude Oil Futures (CL=F)
2019-09-26 00:00:00-04:00,56.68999863,56.84000015,55.40999985,56.40999985,599653,CL=F,Crude Oil Futures (CL=F)
2019-09-27 00:00:00-04:00,56.50999832,56.75999832,54.75,55.90999985,712966,CL=F,Crude Oil Futures (CL=F)
2019-09-30 00:00:00-04:00,56.54000092,56.56999969,53.97999954,54.06999969,532522,CL=F,Crude Oil Futures (CL=F)
2019-10-01 00:00:00-04:00,54.27999878,54.84000015,53.04999924,53.61999893,589176,CL=F,Crude Oil Futures (CL=F)
2019-10-02 00:00:00-04:00,54,54.41999817,52.16999817,52.63999939,590306,CL=F,Crude Oil Futures (CL=F)
2019-10-03 00:00:00-04:00,52.47000122,52.90999985,50.99000168,52.45000076,642466,CL=F,Crude Oil Futures (CL=F)
2019-10-04 00:00:00-04:00,52.29000092,53.34999847,52.04000092,52.81000137,541104,CL=F,Crude Oil Futures (CL=F)
2019-10-07 00:00:00-04:00,52.68999863,54.06000137,52.59000015,52.75,549019,CL=F,Crude Oil Futures (CL=F)
2019-10-08 00:00:00-04:00,52.81000137,53.27000046,51.81000137,52.63000107,658324,CL=F,Crude Oil Futures (CL=F)
2019-10-09 00:00:00-04:00,52.56999969,53.74000168,52.31000137,52.59000015,632666,CL=F,Crude Oil Futures (CL=F)
2019-10-10 00:00:00-04:00,52.68999863,53.97000122,51.38000107,53.54999924,613944,CL=F,Crude Oil Futures (CL=F)
2019-10-11 00:00:00-04:00,53.88000107,54.93000031,53.63999939,54.70000076,467643,CL=F,Crude Oil Futures (CL=F)
2019-10-14 00:00:00-04:00,54.90000153,54.90000153,52.77000046,53.59000015,467643,CL=F,Crude Oil Futures (CL=F)
2019-10-15 00:00:00-04:00,53.50999832,53.79000092,52.38999939,52.81000137,511249,CL=F,Crude Oil Futures (CL=F)
2019-10-16 00:00:00-04:00,52.91999817,53.74000168,52.52000046,53.36000061,451643,CL=F,Crude Oil Futures (CL=F)
2019-10-17 00:00:00-04:00,52.99000168,54.15999985,52.61999893,53.93000031,418422,CL=F,Crude Oil Futures (CL=F)
2019-10-18 00:00:00-04:00,54.09000015,54.61999893,53.34999847,53.77999878,174477,CL=F,Crude Oil Futures (CL=F)
2019-10-21 00:00:00-04:00,53.70999908,54.02999878,52.70999908,53.31000137,95979,CL=F,Crude Oil Futures (CL=F)
2019-10-22 00:00:00-04:00,53.38999939,54.61999893,53.09999847,54.15999985,506573,CL=F,Crude Oil Futures (CL=F)
2019-10-23 00:00:00-04:00,54.29999924,56.06999969,53.61999893,55.97000122,620202,CL=F,Crude Oil Futures (CL=F)
2019-10-24 00:00:00-04:00,55.90000153,56.50999832,55.40999985,56.22999954,480764,CL=F,Crude Oil Futures (CL=F)
2019-10-25 00:00:00-04:00,56.06999969,56.74000168,55.59999847,56.65999985,445020,CL=F,Crude Oil Futures (CL=F)
2019-10-28 00:00:00-04:00,56.65000153,56.91999817,55.58000183,55.81000137,437020,CL=F,Crude Oil Futures (CL=F)
2019-10-29 00:00:00-04:00,55.79999924,55.90999985,54.61000061,55.54000092,521457,CL=F,Crude Oil Futures (CL=F)
2019-10-30 00:00:00-04:00,55.52999878,55.72999954,54.41999817,55.06000137,659328,CL=F,Crude Oil Futures (CL=F)
2019-10-31 00:00:00-04:00,54.90000153,55.59000015,53.70999908,54.18000031,677419,CL=F,Crude Oil Futures (CL=F)
2019-11-01 00:00:00-04:00,54.15000153,56.33000183,54.06999969,56.20000076,538117,CL=F,Crude Oil Futures (CL=F)
2019-11-04 00:00:00-05:00,56.40999985,57.43000031,55.83000183,56.54000092,580350,CL=F,Crude Oil Futures (CL=F)
2019-11-05 00:00:00-05:00,56.56000137,57.5,56.29999924,57.22999954,435319,CL=F,Crude Oil Futures (CL=F)
2019-11-06 00:00:00-05:00,57.25999832,57.84999847,56.11000061,56.34999847,623258,CL=F,Crude Oil Futures (CL=F)
2019-11-07 00:00:00-05:00,56.34999847,57.88000107,56.27000046,57.15000153,678165,CL=F,Crude Oil Futures (CL=F)
2019-11-08 00:00:00-05:00,57.08000183,57.47999954,55.75999832,57.24000168,636941,CL=F,Crude Oil Futures (CL=F)
2019-11-11 00:00:00-05:00,57.40000153,57.40000153,56.25,56.86000061,498981,CL=F,Crude Oil Futures (CL=F)
2019-11-12 00:00:00-05:00,56.88999939,57.54999924,56.54000092,56.79999924,586568,CL=F,Crude Oil Futures (CL=F)
2019-11-13 00:00:00-05:00,56.79000092,57.52999878,56.20000076,57.11999893,547635,CL=F,Crude Oil Futures (CL=F)
2019-11-14 00:00:00-05:00,57.38999939,57.79000092,56.63000107,56.77000046,516832,CL=F,Crude Oil Futures (CL=F)
2019-11-15 00:00:00-05:00,56.90999985,57.97000122,56.43000031,57.72000122,375993,CL=F,Crude Oil Futures (CL=F)
2019-11-18 00:00:00-05:00,57.88000107,58.09000015,56.54999924,57.04999924,159328,CL=F,Crude Oil Futures (CL=F)
2019-11-19 00:00:00-05:00,56.90000153,57.11000061,55.04000092,55.20999908,121214,CL=F,Crude Oil Futures (CL=F)
2019-11-20 00:00:00-05:00,55.15999985,57.25,54.75999832,57.11000061,674891,CL=F,Crude Oil Futures (CL=F)
2019-11-21 00:00:00-05:00,57,58.66999817,56.59999847,58.58000183,593533,CL=F,Crude Oil Futures (CL=F)
2019-11-22 00:00:00-05:00,58.31000137,58.74000168,57.5,57.77000046,508244,CL=F,Crude Oil Futures (CL=F)
2019-11-25 00:00:00-05:00,57.91999817,58.15000153,57.20999908,58.00999832,420642,CL=F,Crude Oil Futures (CL=F)
2019-11-26 00:00:00-05:00,57.91999817,58.56000137,57.75999832,58.40999985,443816,CL=F,Crude Oil Futures (CL=F)
2019-11-27 00:00:00-05:00,58.27000046,58.68000031,57.50999832,58.11000061,454256,CL=F,Crude Oil Futures (CL=F)
2019-11-29 00:00:00-05:00,58.13000107,58.29999924,55.02000046,55.16999817,718724,CL=F,Crude Oil Futures (CL=F)
2019-12-02 00:00:00-05:00,55.47000122,56.66999817,55.41999817,55.95999908,616423,CL=F,Crude Oil Futures (CL=F)
2019-12-03 00:00:00-05:00,55.95999908,56.79999924,55.34999847,56.09999847,560554,CL=F,Crude Oil Futures (CL=F)
2019-12-04 00:00:00-05:00,56.43000031,58.65999985,56.27999878,58.43000031,760541,CL=F,Crude Oil Futures (CL=F)
2019-12-05 00:00:00-05:00,58.36000061,59.11999893,58.09999847,58.43000031,649461,CL=F,Crude Oil Futures (CL=F)
2019-12-06 00:00:00-05:00,58.31999969,59.84999847,57.70000076,59.20000076,679609,CL=F,Crude Oil Futures (CL=F)
2019-12-09 00:00:00-05:00,59.11000061,59.25,58.22999954,59.02000046,511561,CL=F,Crude Oil Futures (CL=F)
2019-12-10 00:00:00-05:00,58.91999817,59.52000046,58.52000046,59.24000168,566822,CL=F,Crude Oil Futures (CL=F)
2019-12-11 00:00:00-05:00,59.06000137,59.22000122,58.11000061,58.75999832,589650,CL=F,Crude Oil Futures (CL=F)
2019-12-12 00:00:00-05:00,58.88000107,59.72000122,58.75,59.18000031,530851,CL=F,Crude Oil Futures (CL=F)
2019-12-13 00:00:00-05:00,59.36000061,60.47999954,59.27000046,60.06999969,512288,CL=F,Crude Oil Futures (CL=F)
2019-12-16 00:00:00-05:00,59.86999893,60.34000015,59.70999908,60.20999908,347395,CL=F,Crude Oil Futures (CL=F)
2019-12-17 00:00:00-05:00,60.22999954,61.06000137,60.02999878,60.93999863,163744,CL=F,Crude Oil Futures (CL=F)
2019-12-18 00:00:00-05:00,60.54999924,61.18000031,60.31999969,60.93000031,131071,CL=F,Crude Oil Futures (CL=F)
2019-12-19 00:00:00-05:00,60.86000061,61.47000122,60.79000092,61.22000122,426341,CL=F,Crude Oil Futures (CL=F)
2019-12-20 00:00:00-05:00,61.11000061,61.20000076,60.02000046,60.43999863,552517,CL=F,Crude Oil Futures (CL=F)
2019-12-23 00:00:00-05:00,60.40999985,60.77000046,60.09999847,60.52000046,314711,CL=F,Crude Oil Futures (CL=F)
2019-12-24 00:00:00-05:00,60.63000107,61.15999985,60.47000122,61.11000061,204535,CL=F,Crude Oil Futures (CL=F)
2019-12-26 00:00:00-05:00,61.20000076,61.83000183,61.06000137,61.68000031,265091,CL=F,Crude Oil Futures (CL=F)
2019-12-27 00:00:00-05:00,61.72999954,61.97000122,61.24000168,61.72000122,351899,CL=F,Crude Oil Futures (CL=F)
2019-12-30 00:00:00-05:00,61.70999908,62.34000015,61.09000015,61.68000031,427149,CL=F,Crude Oil Futures (CL=F)
2019-12-31 00:00:00-05:00,61.68000031,61.88000107,60.63000107,61.06000137,494535,CL=F,Crude Oil Futures (CL=F)
2020-01-02 00:00:00-05:00,61.59999847,61.59999847,60.63999939,61.18000031,486873,CL=F,Crude Oil Futures (CL=F)
2020-01-03 00:00:00-05:00,61.18000031,64.08999634,61.13000107,63.04999924,885861,CL=F,Crude Oil Futures (CL=F)
2020-01-06 00:00:00-05:00,63.70999908,64.72000122,62.63999939,63.27000046,724236,CL=F,Crude Oil Futures (CL=F)
2020-01-07 00:00:00-05:00,62.90999985,63.15000153,62.11000061,62.70000076,582649,CL=F,Crude Oil Futures (CL=F)
2020-01-08 00:00:00-05:00,62.84000015,65.65000153,59.15000153,59.61000061,1205710,CL=F,Crude Oil Futures (CL=F)
2020-01-09 00:00:00-05:00,59.99000168,60.31000137,58.65999985,59.56000137,750933,CL=F,Crude Oil Futures (CL=F)
2020-01-10 00:00:00-05:00,59.61000061,59.77999878,58.84999847,59.04000092,596186,CL=F,Crude Oil Futures (CL=F)
2020-01-13 00:00:00-05:00,59.04000092,59.27000046,57.90999985,58.08000183,584002,CL=F,Crude Oil Futures (CL=F)
2020-01-14 00:00:00-05:00,58.02999878,58.72000122,57.72000122,58.22999954,507714,CL=F,Crude Oil Futures (CL=F)
2020-01-15 00:00:00-05:00,58.20000076,58.36000061,57.36000061,57.81000137,433169,CL=F,Crude Oil Futures (CL=F)
2020-01-16 00:00:00-05:00,58.09999847,58.86999893,57.56000137,58.52000046,182871,CL=F,Crude Oil Futures (CL=F)
2020-01-17 00:00:00-05:00,58.59000015,58.97999954,58.27000046,58.54000092,122561,CL=F,Crude Oil Futures (CL=F)
2020-01-21 00:00:00-05:00,59.16999817,59.72999954,57.68000031,58.34000015,648335,CL=F,Crude Oil Futures (CL=F)
2020-01-22 00:00:00-05:00,58.25999832,58.38000107,56.02999878,56.74000168,620119,CL=F,Crude Oil Futures (CL=F)
2020-01-23 00:00:00-05:00,56.11000061,56.27000046,54.77000046,55.59000015,703995,CL=F,Crude Oil Futures (CL=F)
2020-01-24 00:00:00-05:00,55.68999863,55.95000076,53.84999847,54.18999863,586195,CL=F,Crude Oil Futures (CL=F)
2020-01-27 00:00:00-05:00,53.70000076,53.70999908,52.13000107,53.13999939,712880,CL=F,Crude Oil Futures (CL=F)
2020-01-28 00:00:00-05:00,52.77000046,54.06000137,52.68000031,53.47999954,633963,CL=F,Crude Oil Futures (CL=F)
2020-01-29 00:00:00-05:00,53.97000122,54.36999893,52.81000137,53.33000183,624979,CL=F,Crude Oil Futures (CL=F)
2020-01-30 00:00:00-05:00,53.09000015,53.20000076,51.65999985,52.13999939,720123,CL=F,Crude Oil Futures (CL=F)
2020-01-31 00:00:00-05:00,52.91999817,53.36000061,50.97000122,51.56000137,827907,CL=F,Crude Oil Futures (CL=F)
2020-02-03 00:00:00-05:00,51.00999832,51.97000122,49.79999924,50.11000061,876044,CL=F,Crude Oil Futures (CL=F)
2020-02-04 00:00:00-05:00,49.93999863,51.54999924,49.31000137,49.61000061,859357,CL=F,Crude Oil Futures (CL=F)
2020-02-05 00:00:00-05:00,49.50999832,51.88000107,49.47000122,50.75,887946,CL=F,Crude Oil Futures (CL=F)
2020-02-06 00:00:00-05:00,51.16999817,52.20000076,50.24000168,50.95000076,750659,CL=F,Crude Oil Futures (CL=F)
2020-02-07 00:00:00-05:00,51.11000061,51.47999954,50.09000015,50.31999969,768345,CL=F,Crude Oil Futures (CL=F)
2020-02-10 00:00:00-05:00,50.11999893,50.49000168,49.41999817,49.56999969,715894,CL=F,Crude Oil Futures (CL=F)
2020-02-11 00:00:00-05:00,49.61000061,50.68999863,49.58000183,49.93999863,725733,CL=F,Crude Oil Futures (CL=F)
2020-02-12 00:00:00-05:00,49.95999908,51.72999954,49.95000076,51.16999817,795256,CL=F,Crude Oil Futures (CL=F)
2020-02-13 00:00:00-05:00,51.72000122,51.95999908,50.59999847,51.41999817,745400,CL=F,Crude Oil Futures (CL=F)
2020-02-14 00:00:00-05:00,51.50999832,52.34000015,51.31999969,52.04999924,607343,CL=F,Crude Oil Futures (CL=F)
2020-02-18 00:00:00-05:00,52.22999954,52.40999985,50.88000107,52.04999924,221774,CL=F,Crude Oil Futures (CL=F)
2020-02-19 00:00:00-05:00,52.11999893,53.65999985,51.93000031,53.29000092,113683,CL=F,Crude Oil Futures (CL=F)
2020-02-20 00:00:00-05:00,53.5,54.5,53.22000122,53.77999878,676179,CL=F,Crude Oil Futures (CL=F)
2020-02-21 00:00:00-05:00,53.74000168,53.86000061,52.54999924,53.38000107,707555,CL=F,Crude Oil Futures (CL=F)
2020-02-24 00:00:00-05:00,52.59999847,52.63999939,50.45000076,51.43000031,765515,CL=F,Crude Oil Futures (CL=F)
2020-02-25 00:00:00-05:00,51.36999893,52.02000046,49.68999863,49.90000153,764989,CL=F,Crude Oil Futures (CL=F)
2020-02-26 00:00:00-05:00,50.08000183,50.43999863,48.29999924,48.72999954,884482,CL=F,Crude Oil Futures (CL=F)
2020-02-27 00:00:00-05:00,48.63000107,48.77999878,45.88000107,47.09000015,1011915,CL=F,Crude Oil Futures (CL=F)
2020-02-28 00:00:00-05:00,46.49000168,47.02999878,43.84999847,44.75999832,1101659,CL=F,Crude Oil Futures (CL=F)
2020-03-02 00:00:00-05:00,43.70000076,47.56000137,43.31999969,46.75,949471,CL=F,Crude Oil Futures (CL=F)
2020-03-03 00:00:00-05:00,47.72000122,48.65999985,46.47000122,47.18000031,1011933,CL=F,Crude Oil Futures (CL=F)
2020-03-04 00:00:00-05:00,46.93999863,48.40999985,46.65000153,46.77999878,745856,CL=F,Crude Oil Futures (CL=F)
2020-03-05 00:00:00-05:00,47.13000107,47.56999969,45.65000153,45.90000153,704591,CL=F,Crude Oil Futures (CL=F)
2020-03-06 00:00:00-05:00,46.09000015,46.38000107,41.04999924,41.27999878,1276180,CL=F,Crude Oil Futures (CL=F)
2020-03-09 00:00:00-04:00,32.86999893,34.88000107,27.34000015,31.12999916,1774383,CL=F,Crude Oil Futures (CL=F)
2020-03-10 00:00:00-04:00,30.37000084,35.02000046,30.20000076,34.36000061,1064632,CL=F,Crude Oil Futures (CL=F)
2020-03-11 00:00:00-04:00,34.61999893,36.34999847,32.56000137,32.97999954,874646,CL=F,Crude Oil Futures (CL=F)
2020-03-12 00:00:00-04:00,33.06999969,33.63000107,30.02000046,31.5,1025036,CL=F,Crude Oil Futures (CL=F)
2020-03-13 00:00:00-04:00,30.77000046,33.86999893,30.32999992,31.72999954,743129,CL=F,Crude Oil Futures (CL=F)
2020-03-16 00:00:00-04:00,33.75,33.75,28.10000038,28.70000076,698829,CL=F,Crude Oil Futures (CL=F)
2020-03-17 00:00:00-04:00,28.69000053,30.29999924,26.62999916,26.95000076,545820,CL=F,Crude Oil Futures (CL=F)
2020-03-18 00:00:00-04:00,26.94000053,27.21999931,20.05999947,20.37000084,309481,CL=F,Crude Oil Futures (CL=F)
2020-03-19 00:00:00-04:00,22.29999924,27.70999908,21.36000061,25.21999931,136722,CL=F,Crude Oil Futures (CL=F)
2020-03-20 00:00:00-04:00,24.72999954,27.88999939,19.45999908,22.43000031,1133808,CL=F,Crude Oil Futures (CL=F)
2020-03-23 00:00:00-04:00,22.52000046,24.06999969,20.79999924,23.36000061,852951,CL=F,Crude Oil Futures (CL=F)
2020-03-24 00:00:00-04:00,23.87000084,25.15999985,23.09000015,24.01000023,659697,CL=F,Crude Oil Futures (CL=F)
2020-03-25 00:00:00-04:00,24.37000084,25.23999977,22.90999985,24.48999977,618725,CL=F,Crude Oil Futures (CL=F)
2020-03-26 00:00:00-04:00,24.25,24.64999962,22.37999916,22.60000038,633877,CL=F,Crude Oil Futures (CL=F)
2020-03-27 00:00:00-04:00,23.29000092,23.44000053,20.87999916,21.51000023,603124,CL=F,Crude Oil Futures (CL=F)
2020-03-30 00:00:00-04:00,20.93000031,20.93000031,19.27000046,20.09000015,758711,CL=F,Crude Oil Futures (CL=F)
2020-03-31 00:00:00-04:00,20.22999954,21.88999939,20.01000023,20.47999954,660082,CL=F,Crude Oil Futures (CL=F)
2020-04-01 00:00:00-04:00,20.10000038,21.54999924,19.89999962,20.30999947,703286,CL=F,Crude Oil Futures (CL=F)
2020-04-02 00:00:00-04:00,21.21999931,27.38999939,20.76000023,25.31999969,1095972,CL=F,Crude Oil Futures (CL=F)
2020-04-03 00:00:00-04:00,24.80999947,29.12999916,23.52000046,28.34000015,1007577,CL=F,Crude Oil Futures (CL=F)
2020-04-06 00:00:00-04:00,26.09000015,28.23999977,25.28000069,26.07999992,752710,CL=F,Crude Oil Futures (CL=F)
2020-04-07 00:00:00-04:00,26.34000015,27.23999977,23.54000092,23.62999916,797707,CL=F,Crude Oil Futures (CL=F)
2020-04-08 00:00:00-04:00,24.29999924,26.45000076,23.73999977,25.09000015,823554,CL=F,Crude Oil Futures (CL=F)
2020-04-09 00:00:00-04:00,26.28000069,28.36000061,22.56999969,22.76000023,1122149,CL=F,Crude Oil Futures (CL=F)
2020-04-13 00:00:00-04:00,24.60000038,24.73999977,22.03000069,22.40999985,775120,CL=F,Crude Oil Futures (CL=F)
2020-04-14 00:00:00-04:00,22.36000061,23.07999992,19.95000076,20.11000061,785478,CL=F,Crude Oil Futures (CL=F)
2020-04-15 00:00:00-04:00,20.71999931,20.88999939,19.20000076,19.87000084,544797,CL=F,Crude Oil Futures (CL=F)
2020-04-16 00:00:00-04:00,20.14999962,20.53000069,19.42000008,19.87000084,350942,CL=F,Crude Oil Futures (CL=F)
2020-04-17 00:00:00-04:00,20,20.21999931,17.30999947,18.27000046,240628,CL=F,Crude Oil Futures (CL=F)
2020-04-20 00:00:00-04:00,17.72999954,17.85000038,-40.31999969,-37.63000107,247947,CL=F,Crude Oil Futures (CL=F)
2020-04-21 00:00:00-04:00,-14,13.85999966,-16.73999977,10.01000023,2288230,CL=F,Crude Oil Futures (CL=F)
2020-04-22 00:00:00-04:00,13.11999989,16.18000031,10.26000023,13.77999973,1235218,CL=F,Crude Oil Futures (CL=F)
2020-04-23 00:00:00-04:00,14.19999981,18.26000023,13.35000038,16.5,833584,CL=F,Crude Oil Futures (CL=F)
2020-04-24 00:00:00-04:00,16.78000069,17.96999931,15.64000034,16.94000053,600220,CL=F,Crude Oil Futures (CL=F)
2020-04-27 00:00:00-04:00,16.84000015,16.97999954,11.88000011,12.77999973,623201,CL=F,Crude Oil Futures (CL=F)
2020-04-28 00:00:00-04:00,12.96000004,13.68999958,10.06999969,12.34000015,897087,CL=F,Crude Oil Futures (CL=F)
2020-04-29 00:00:00-04:00,13.35000038,16.78000069,12.67000008,15.06000042,554134,CL=F,Crude Oil Futures (CL=F)
2020-04-30 00:00:00-04:00,15.64000034,19.44000053,15.44999981,18.84000015,545344,CL=F,Crude Oil Futures (CL=F)
2020-05-01 00:00:00-04:00,19.04000092,20.47999954,18.06999969,19.78000069,403201,CL=F,Crude Oil Futures (CL=F)
2020-05-04 00:00:00-04:00,19.11000061,21.42000008,18.04999924,20.38999939,311488,CL=F,Crude Oil Futures (CL=F)
2020-05-05 00:00:00-04:00,21.23999977,25.48999977,21.12999916,24.55999947,387240,CL=F,Crude Oil Futures (CL=F)
2020-05-06 00:00:00-04:00,25.52000046,26.07999992,22.57999992,23.98999977,381165,CL=F,Crude Oil Futures (CL=F)
2020-05-07 00:00:00-04:00,24.09000015,26.73999977,22.94000053,23.54999924,310261,CL=F,Crude Oil Futures (CL=F)
2020-05-08 00:00:00-04:00,23.35000038,24.98999977,23.26000023,24.73999977,205181,CL=F,Crude Oil Futures (CL=F)
2020-05-11 00:00:00-04:00,24.48999977,25.57999992,23.67000008,24.13999939,179591,CL=F,Crude Oil Futures (CL=F)
2020-05-12 00:00:00-04:00,24.48999977,26.22999954,24.21999931,25.78000069,212335,CL=F,Crude Oil Futures (CL=F)
2020-05-13 00:00:00-04:00,25.29999924,26.45000076,24.79000092,25.29000092,150864,CL=F,Crude Oil Futures (CL=F)
2020-05-14 00:00:00-04:00,25.55999947,27.95999908,25.18000031,27.55999947,160507,CL=F,Crude Oil Futures (CL=F)
2020-05-15 00:00:00-04:00,27.63999939,29.92000008,27.23999977,29.43000031,108016,CL=F,Crude Oil Futures (CL=F)
2020-05-18 00:00:00-04:00,29.53000069,33.31999969,29.53000069,31.81999969,89376,CL=F,Crude Oil Futures (CL=F)
2020-05-19 00:00:00-04:00,32.83000183,33.43999863,31.34000015,32.5,430823,CL=F,Crude Oil Futures (CL=F)
2020-05-20 00:00:00-04:00,31.88999939,33.77999878,31.55999947,33.49000168,406431,CL=F,Crude Oil Futures (CL=F)
2020-05-21 00:00:00-04:00,33.52999878,34.65999985,33.25999832,33.91999817,372814,CL=F,Crude Oil Futures (CL=F)
2020-05-22 00:00:00-04:00,33.95000076,34,30.71999931,33.25,429036,CL=F,Crude Oil Futures (CL=F)
2020-05-26 00:00:00-04:00,33.29999924,34.81000137,32.47999954,34.34999847,466737,CL=F,Crude Oil Futures (CL=F)
2020-05-27 00:00:00-04:00,34.13999939,34.31999969,31.75,32.81000137,415246,CL=F,Crude Oil Futures (CL=F)
2020-05-28 00:00:00-04:00,32.09999847,34.20999908,31.13999939,33.70999908,440168,CL=F,Crude Oil Futures (CL=F)
2020-05-29 00:00:00-04:00,33.68000031,35.77000046,32.36000061,35.49000168,443647,CL=F,Crude Oil Futures (CL=F)
2020-06-01 00:00:00-04:00,35.20999908,35.90000153,34.27000046,35.43999863,385710,CL=F,Crude Oil Futures (CL=F)
2020-06-02 00:00:00-04:00,35.56000137,37.06000137,35.27999878,36.81000137,343483,CL=F,Crude Oil Futures (CL=F)
2020-06-03 00:00:00-04:00,36.86000061,38.18000031,35.88000107,37.29000092,494253,CL=F,Crude Oil Futures (CL=F)
2020-06-04 00:00:00-04:00,36.75999832,37.61999893,36.38000107,37.40999985,307612,CL=F,Crude Oil Futures (CL=F)
2020-06-05 00:00:00-04:00,37.33000183,39.68000031,37.04999924,39.54999924,396856,CL=F,Crude Oil Futures (CL=F)
2020-06-08 00:00:00-04:00,39.40999985,40.43999863,37.95999908,38.18999863,416639,CL=F,Crude Oil Futures (CL=F)
2020-06-09 00:00:00-04:00,38.22000122,39.09999847,37.06999969,38.93999863,396033,CL=F,Crude Oil Futures (CL=F)
2020-06-10 00:00:00-04:00,38.5,39.90999985,37.72999954,39.59999847,385868,CL=F,Crude Oil Futures (CL=F)
2020-06-11 00:00:00-04:00,39.09000015,39.09000015,35.40999985,36.34000015,513912,CL=F,Crude Oil Futures (CL=F)
2020-06-12 00:00:00-04:00,36.25999832,36.99000168,34.47999954,36.25999832,406508,CL=F,Crude Oil Futures (CL=F)
2020-06-15 00:00:00-04:00,36.02999878,37.25999832,34.36000061,37.11999893,387546,CL=F,Crude Oil Futures (CL=F)
2020-06-16 00:00:00-04:00,37.04999924,39.06000137,36.38000107,38.38000107,366323,CL=F,Crude Oil Futures (CL=F)
2020-06-17 00:00:00-04:00,37.93000031,38.75,37.20999908,37.95999908,239516,CL=F,Crude Oil Futures (CL=F)
2020-06-18 00:00:00-04:00,37.74000168,38.97000122,37.11000061,38.84000015,113384,CL=F,Crude Oil Futures (CL=F)
2020-06-19 00:00:00-04:00,38.84999847,40.49000168,38.40000153,39.75,64113,CL=F,Crude Oil Futures (CL=F)
2020-06-22 00:00:00-04:00,39.18000031,40.70000076,39.11999893,40.45999908,315264,CL=F,Crude Oil Futures (CL=F)
2020-06-23 00:00:00-04:00,40.68000031,41.63000107,39.75999832,40.36999893,368730,CL=F,Crude Oil Futures (CL=F)
2020-06-24 00:00:00-04:00,39.99000168,40.54000092,37.31000137,38.00999832,499490,CL=F,Crude Oil Futures (CL=F)
2020-06-25 00:00:00-04:00,38.04999924,39.22999954,37.08000183,38.72000122,451640,CL=F,Crude Oil Futures (CL=F)
2020-06-26 00:00:00-04:00,39.09000015,39.34999847,37.79000092,38.49000168,356712,CL=F,Crude Oil Futures (CL=F)
2020-06-29 00:00:00-04:00,37.95999908,39.88999939,37.5,39.70000076,343913,CL=F,Crude Oil Futures (CL=F)
2020-06-30 00:00:00-04:00,39.63999939,40.08000183,38.84999847,39.27000046,370059,CL=F,Crude Oil Futures (CL=F)
2020-07-01 00:00:00-04:00,39.84000015,40.58000183,39.04999924,39.81999969,407170,CL=F,Crude Oil Futures (CL=F)
2020-07-02 00:00:00-04:00,39.77999878,40.74000168,39.45999908,40.65000153,347096,CL=F,Crude Oil Futures (CL=F)
2020-07-06 00:00:00-04:00,40.38000107,41.08000183,39.84000015,40.63000107,373236,CL=F,Crude Oil Futures (CL=F)
2020-07-07 00:00:00-04:00,40.68000031,40.95000076,39.90000153,40.61999893,256596,CL=F,Crude Oil Futures (CL=F)
2020-07-08 00:00:00-04:00,40.47999954,41.08000183,40.29999924,40.90000153,286740,CL=F,Crude Oil Futures (CL=F)
2020-07-09 00:00:00-04:00,40.86999893,40.99000168,39.27000046,39.61999893,367386,CL=F,Crude Oil Futures (CL=F)
2020-07-10 00:00:00-04:00,39.58000183,40.77000046,38.54000092,40.54999924,393149,CL=F,Crude Oil Futures (CL=F)
2020-07-13 00:00:00-04:00,40.34999847,40.72000122,39.47000122,40.09999847,370715,CL=F,Crude Oil Futures (CL=F)
2020-07-14 00:00:00-04:00,39.59999847,40.56999969,39.06999969,40.29000092,426971,CL=F,Crude Oil Futures (CL=F)
2020-07-15 00:00:00-04:00,40.54999924,41.25999832,40.08000183,41.20000076,352542,CL=F,Crude Oil Futures (CL=F)
2020-07-16 00:00:00-04:00,40.97000122,41.18000031,40.52000046,40.75,200101,CL=F,Crude Oil Futures (CL=F)
2020-07-17 00:00:00-04:00,40.72000122,40.90000153,40.02000046,40.59000015,88220,CL=F,Crude Oil Futures (CL=F)
2020-07-20 00:00:00-04:00,40.63999939,40.90999985,39.83000183,40.81000137,60179,CL=F,Crude Oil Futures (CL=F)
2020-07-21 00:00:00-04:00,40.65000153,42.40000153,40.63999939,41.95999908,389117,CL=F,Crude Oil Futures (CL=F)
2020-07-22 00:00:00-04:00,41.54000092,42.02999878,41.13999939,41.90000153,333647,CL=F,Crude Oil Futures (CL=F)
2020-07-23 00:00:00-04:00,41.95000076,42.36000061,40.83000183,41.06999969,389412,CL=F,Crude Oil Futures (CL=F)
2020-07-24 00:00:00-04:00,41.06000137,41.66999817,40.65999985,41.29000092,353159,CL=F,Crude Oil Futures (CL=F)
2020-07-27 00:00:00-04:00,41.25999832,41.81999969,40.47999954,41.59999847,377714,CL=F,Crude Oil Futures (CL=F)
2020-07-28 00:00:00-04:00,41.65000153,41.93000031,40.84999847,41.04000092,276804,CL=F,Crude Oil Futures (CL=F)
2020-07-29 00:00:00-04:00,41.13000107,41.56999969,40.93000031,41.27000046,295855,CL=F,Crude Oil Futures (CL=F)
2020-07-30 00:00:00-04:00,41.31999969,41.38999939,38.72000122,39.91999817,487325,CL=F,Crude Oil Futures (CL=F)
2020-07-31 00:00:00-04:00,40.34000015,40.54999924,39.65999985,40.27000046,318788,CL=F,Crude Oil Futures (CL=F)
2020-08-03 00:00:00-04:00,40.38999939,41.24000168,39.58000183,41.00999832,338326,CL=F,Crude Oil Futures (CL=F)
2020-08-04 00:00:00-04:00,40.77999878,42.08000183,40.13999939,41.70000076,451575,CL=F,Crude Oil Futures (CL=F)
2020-08-05 00:00:00-04:00,41.56000137,43.52000046,41.47000122,42.18999863,491268,CL=F,Crude Oil Futures (CL=F)
2020-08-06 00:00:00-04:00,42.18999863,42.65000153,41.61000061,41.95000076,359610,CL=F,Crude Oil Futures (CL=F)
2020-08-07 00:00:00-04:00,41.97000122,42.22000122,41.06000137,41.22000122,398997,CL=F,Crude Oil Futures (CL=F)
2020-08-10 00:00:00-04:00,41.5,42.33000183,41.16999817,41.93999863,367796,CL=F,Crude Oil Futures (CL=F)
2020-08-11 00:00:00-04:00,41.97999954,42.93999863,41.47999954,41.61000061,432843,CL=F,Crude Oil Futures (CL=F)
2020-08-12 00:00:00-04:00,41.61999893,42.90000153,41.52999878,42.66999817,397831,CL=F,Crude Oil Futures (CL=F)
2020-08-13 00:00:00-04:00,42.56999969,42.84000015,42.09000015,42.24000168,329507,CL=F,Crude Oil Futures (CL=F)
2020-08-14 00:00:00-04:00,42.33000183,42.56999969,41.61999893,42.00999832,310866,CL=F,Crude Oil Futures (CL=F)
2020-08-17 00:00:00-04:00,42.24000168,42.97000122,41.79999924,42.88999939,208429,CL=F,Crude Oil Futures (CL=F)
2020-08-18 00:00:00-04:00,42.79000092,42.99000168,42.11000061,42.88999939,111628,CL=F,Crude Oil Futures (CL=F)
2020-08-19 00:00:00-04:00,42.59999847,43.02999878,42.36000061,42.93000031,81299,CL=F,Crude Oil Futures (CL=F)
2020-08-20 00:00:00-04:00,42.74000168,42.79000092,41.5,42.58000183,377070,CL=F,Crude Oil Futures (CL=F)
2020-08-21 00:00:00-04:00,42.75,42.95999908,41.45999908,42.34000015,345368,CL=F,Crude Oil Futures (CL=F)
2020-08-24 00:00:00-04:00,42.47999954,42.88999939,42.22999954,42.61999893,294731,CL=F,Crude Oil Futures (CL=F)
2020-08-25 00:00:00-04:00,42.36000061,43.56999969,42.31000137,43.34999847,330800,CL=F,Crude Oil Futures (CL=F)
2020-08-26 00:00:00-04:00,43.38999939,43.77999878,43,43.38999939,262243,CL=F,Crude Oil Futures (CL=F)
2020-08-27 00:00:00-04:00,43.45000076,43.5,42.36000061,43.04000092,320968,CL=F,Crude Oil Futures (CL=F)
2020-08-28 00:00:00-04:00,42.97999954,43.41999817,42.68999863,42.97000122,272800,CL=F,Crude Oil Futures (CL=F)
2020-08-31 00:00:00-04:00,42.90999985,43.56999969,42.56000137,42.61000061,236877,CL=F,Crude Oil Futures (CL=F)
2020-09-01 00:00:00-04:00,42.83000183,43.43000031,42.72000122,42.75999832,285146,CL=F,Crude Oil Futures (CL=F)
2020-09-02 00:00:00-04:00,43.02000046,43.20999908,41.22999954,41.50999832,421771,CL=F,Crude Oil Futures (CL=F)
2020-09-03 00:00:00-04:00,41.63000107,41.79000092,40.22000122,41.36999893,417634,CL=F,Crude Oil Futures (CL=F)
2020-09-04 00:00:00-04:00,41.25,41.86999893,39.34999847,39.77000046,444184,CL=F,Crude Oil Futures (CL=F)
2020-09-08 00:00:00-04:00,39.47999954,39.59000015,36.13000107,36.75999832,720975,CL=F,Crude Oil Futures (CL=F)
2020-09-09 00:00:00-04:00,36.79000092,38.45000076,36.15999985,38.04999924,455356,CL=F,Crude Oil Futures (CL=F)
2020-09-10 00:00:00-04:00,37.79999924,38.18000031,36.93000031,37.29999924,367555,CL=F,Crude Oil Futures (CL=F)
2020-09-11 00:00:00-04:00,37.00999832,37.81999969,36.66999817,37.33000183,363787,CL=F,Crude Oil Futures (CL=F)
2020-09-14 00:00:00-04:00,37.31999969,37.68000031,36.81999969,37.25999832,347563,CL=F,Crude Oil Futures (CL=F)
2020-09-15 00:00:00-04:00,37.27999878,38.56999969,37.06000137,38.27999878,348861,CL=F,Crude Oil Futures (CL=F)
2020-09-16 00:00:00-04:00,38.34999847,40.34000015,38.34999847,40.15999985,367612,CL=F,Crude Oil Futures (CL=F)
2020-09-17 00:00:00-04:00,40.18999863,41.22000122,39.41999817,40.97000122,280669,CL=F,Crude Oil Futures (CL=F)
2020-09-18 00:00:00-04:00,40.97000122,41.49000168,40.29999924,41.11000061,85906,CL=F,Crude Oil Futures (CL=F)
2020-09-21 00:00:00-04:00,40.97999954,41.27000046,38.65999985,39.31000137,66195,CL=F,Crude Oil Futures (CL=F)
2020-09-22 00:00:00-04:00,39.63000107,40.02000046,39,39.59999847,287807,CL=F,Crude Oil Futures (CL=F)
2020-09-23 00:00:00-04:00,39.75999832,40.75,39.25999832,39.93000031,318754,CL=F,Crude Oil Futures (CL=F)
2020-09-24 00:00:00-04:00,39.59999847,40.36999893,39.11999893,40.31000137,269992,CL=F,Crude Oil Futures (CL=F)
2020-09-25 00:00:00-04:00,40.15000153,40.63999939,39.70999908,40.25,229025,CL=F,Crude Oil Futures (CL=F)
2020-09-28 00:00:00-04:00,40.06999969,40.79999924,39.77999878,40.59999847,226425,CL=F,Crude Oil Futures (CL=F)
2020-09-29 00:00:00-04:00,40.58000183,40.70000076,38.40999985,39.29000092,379599,CL=F,Crude Oil Futures (CL=F)
2020-09-30 00:00:00-04:00,39.15999985,40.36999893,38.68000031,40.22000122,340294,CL=F,Crude Oil Futures (CL=F)
2020-10-01 00:00:00-04:00,39.90000153,40.47000122,37.61000061,38.72000122,443442,CL=F,Crude Oil Futures (CL=F)
2020-10-02 00:00:00-04:00,38.59999847,38.65000153,36.63000107,37.04999924,391428,CL=F,Crude Oil Futures (CL=F)
2020-10-05 00:00:00-04:00,37,39.72000122,37,39.22000122,378579,CL=F,Crude Oil Futures (CL=F)
2020-10-06 00:00:00-04:00,39.34999847,40.86000061,39.09999847,40.66999817,400531,CL=F,Crude Oil Futures (CL=F)
2020-10-07 00:00:00-04:00,39.83000183,40.34999847,39.27999878,39.95000076,433065,CL=F,Crude Oil Futures (CL=F)
2020-10-08 00:00:00-04:00,39.99000168,41.33000183,39.75999832,41.18999863,409787,CL=F,Crude Oil Futures (CL=F)
2020-10-09 00:00:00-04:00,41.31000137,41.47000122,40.38000107,40.59999847,331703,CL=F,Crude Oil Futures (CL=F)
2020-10-12 00:00:00-04:00,40.40000153,40.45000076,39.04000092,39.43000031,322035,CL=F,Crude Oil Futures (CL=F)
2020-10-13 00:00:00-04:00,39.52999878,40.52999878,39.34999847,40.20000076,375470,CL=F,Crude Oil Futures (CL=F)
2020-10-14 00:00:00-04:00,40.18999863,41.15999985,39.81999969,41.04000092,328295,CL=F,Crude Oil Futures (CL=F)
2020-10-15 00:00:00-04:00,41.13000107,41.29000092,39.22000122,40.95999908,248251,CL=F,Crude Oil Futures (CL=F)
2020-10-16 00:00:00-04:00,40.88000107,41.04999924,40.08000183,40.88000107,96488,CL=F,Crude Oil Futures (CL=F)
2020-10-19 00:00:00-04:00,40.68999863,41.22000122,40.54000092,40.83000183,75335,CL=F,Crude Oil Futures (CL=F)
2020-10-20 00:00:00-04:00,40.65000153,41.70000076,40.25,41.45999908,360574,CL=F,Crude Oil Futures (CL=F)
2020-10-21 00:00:00-04:00,41.22000122,41.59000015,39.77999878,40.02999878,366899,CL=F,Crude Oil Futures (CL=F)
2020-10-22 00:00:00-04:00,40.04000092,41.02000046,39.70999908,40.63999939,307494,CL=F,Crude Oil Futures (CL=F)
2020-10-23 00:00:00-04:00,40.61000061,40.91999817,39.56999969,39.84999847,268931,CL=F,Crude Oil Futures (CL=F)
2020-10-26 00:00:00-04:00,39.68999863,39.74000168,38.27999878,38.56000137,360184,CL=F,Crude Oil Futures (CL=F)
2020-10-27 00:00:00-04:00,38.59000015,39.83000183,38.50999832,39.56999969,339535,CL=F,Crude Oil Futures (CL=F)
2020-10-28 00:00:00-04:00,38.97000122,39.00999832,36.97000122,37.38999939,489954,CL=F,Crude Oil Futures (CL=F)
2020-10-29 00:00:00-04:00,37.38999939,37.75999832,34.91999817,36.16999817,568816,CL=F,Crude Oil Futures (CL=F)
2020-10-30 00:00:00-04:00,36.06999969,36.59999847,35.20999908,35.79000092,388971,CL=F,Crude Oil Futures (CL=F)
2020-11-02 00:00:00-05:00,35.24000168,37.15000153,33.63999939,36.81000137,489204,CL=F,Crude Oil Futures (CL=F)
2020-11-03 00:00:00-05:00,37.02999878,38.31999969,36.56999969,37.65999985,410611,CL=F,Crude Oil Futures (CL=F)
2020-11-04 00:00:00-05:00,38.15000153,39.25,37.25999832,39.15000153,437000,CL=F,Crude Oil Futures (CL=F)
2020-11-05 00:00:00-05:00,39.16999817,39.34999847,38.27000046,38.79000092,298366,CL=F,Crude Oil Futures (CL=F)
2020-11-06 00:00:00-05:00,38.54000092,38.61000061,37.06000137,37.13999939,411026,CL=F,Crude Oil Futures (CL=F)
2020-11-09 00:00:00-05:00,37.34000015,41.33000183,37.15999985,40.29000092,622921,CL=F,Crude Oil Futures (CL=F)
2020-11-10 00:00:00-05:00,39.90999985,41.84000015,39.40999985,41.36000061,457045,CL=F,Crude Oil Futures (CL=F)
2020-11-11 00:00:00-05:00,41.79000092,43.06000137,41.31999969,41.45000076,443772,CL=F,Crude Oil Futures (CL=F)
2020-11-12 00:00:00-05:00,41.47000122,42.18999863,40.86999893,41.11999893,401031,CL=F,Crude Oil Futures (CL=F)
2020-11-13 00:00:00-05:00,40.93999863,40.93999863,40.06000137,40.13000107,338187,CL=F,Crude Oil Futures (CL=F)
2020-11-16 00:00:00-05:00,40.16999817,42.09000015,40.15000153,41.34000015,378785,CL=F,Crude Oil Futures (CL=F)
2020-11-17 00:00:00-05:00,41.43999863,41.68999863,40.56999969,41.43000031,243677,CL=F,Crude Oil Futures (CL=F)
2020-11-18 00:00:00-05:00,41.34999847,42.45999908,41.08000183,41.81999969,107013,CL=F,Crude Oil Futures (CL=F)
2020-11-19 00:00:00-05:00,41.61000061,41.97999954,41.08000183,41.74000168,88144,CL=F,Crude Oil Futures (CL=F)
2020-11-20 00:00:00-05:00,41.70000076,42.31999969,41.50999832,42.15000153,276340,CL=F,Crude Oil Futures (CL=F)
2020-11-23 00:00:00-05:00,42.45999908,43.36000061,42.29000092,43.06000137,300717,CL=F,Crude Oil Futures (CL=F)
2020-11-24 00:00:00-05:00,42.84000015,45.20000076,42.81999969,44.90999985,418527,CL=F,Crude Oil Futures (CL=F)
2020-11-25 00:00:00-05:00,44.81999969,46.25999832,44.72999954,45.70999908,417182,CL=F,Crude Oil Futures (CL=F)
2020-11-27 00:00:00-05:00,45.90000153,46.09000015,44.54999924,45.52999878,365128,CL=F,Crude Oil Futures (CL=F)
2020-11-30 00:00:00-05:00,45.34000015,45.79999924,44.41999817,45.34000015,370755,CL=F,Crude Oil Futures (CL=F)
2020-12-01 00:00:00-05:00,45.08000183,45.70000076,44.11999893,44.54999924,314919,CL=F,Crude Oil Futures (CL=F)
2020-12-02 00:00:00-05:00,44.38000107,45.91999817,43.91999817,45.27999878,368854,CL=F,Crude Oil Futures (CL=F)
2020-12-03 00:00:00-05:00,44.99000168,45.84000015,44.65999985,45.63999939,350768,CL=F,Crude Oil Futures (CL=F)
2020-12-04 00:00:00-05:00,45.63999939,46.68000031,45.61000061,46.25999832,335453,CL=F,Crude Oil Futures (CL=F)
2020-12-07 00:00:00-05:00,46.15000153,46.54000092,45.36000061,45.75999832,348871,CL=F,Crude Oil Futures (CL=F)
2020-12-08 00:00:00-05:00,45.65999985,45.93000031,45.13999939,45.59999847,332641,CL=F,Crude Oil Futures (CL=F)
2020-12-09 00:00:00-05:00,45.59999847,46.24000168,44.95000076,45.52000046,434976,CL=F,Crude Oil Futures (CL=F)
2020-12-10 00:00:00-05:00,45.68999863,47.74000168,45.52000046,46.77999878,447529,CL=F,Crude Oil Futures (CL=F)
2020-12-11 00:00:00-05:00,46.97000122,47.29000092,46.34000015,46.56999969,367305,CL=F,Crude Oil Futures (CL=F)
2020-12-14 00:00:00-05:00,46.72999954,47.43999863,45.68999863,46.99000168,403543,CL=F,Crude Oil Futures (CL=F)
2020-12-15 00:00:00-05:00,46.99000168,47.72999954,46.54000092,47.61999893,311169,CL=F,Crude Oil Futures (CL=F)
2020-12-16 00:00:00-05:00,47.59999847,47.93999863,47.16999817,47.81999969,275331,CL=F,Crude Oil Futures (CL=F)
2020-12-17 00:00:00-05:00,47.84999847,48.59000015,47.81000137,48.36000061,96536,CL=F,Crude Oil Futures (CL=F)
2020-12-18 00:00:00-05:00,48.43000031,49.27999878,48.09999847,49.09999847,83711,CL=F,Crude Oil Futures (CL=F)
2020-12-21 00:00:00-05:00,48.54000092,48.61000061,46.18000031,47.74000168,478098,CL=F,Crude Oil Futures (CL=F)
2020-12-22 00:00:00-05:00,47.93000031,47.95999908,46.59999847,47.02000046,295737,CL=F,Crude Oil Futures (CL=F)
2020-12-23 00:00:00-05:00,46.79000092,48.5,46.15999985,48.11999893,344306,CL=F,Crude Oil Futures (CL=F)
2020-12-24 00:00:00-05:00,48.09000015,48.61999893,47.56000137,48.22999954,167390,CL=F,Crude Oil Futures (CL=F)
2020-12-28 00:00:00-05:00,48.22999954,48.95999908,47.5,47.61999893,238462,CL=F,Crude Oil Futures (CL=F)
2020-12-29 00:00:00-05:00,47.72000122,48.34999847,47.68000031,48,213778,CL=F,Crude Oil Futures (CL=F)
2020-12-30 00:00:00-05:00,48.13000107,48.65999985,47.61000061,48.40000153,266957,CL=F,Crude Oil Futures (CL=F)
2020-12-31 00:00:00-05:00,48.34999847,48.58000183,47.77000046,48.52000046,181894,CL=F,Crude Oil Futures (CL=F)
2021-01-04 00:00:00-05:00,48.40000153,49.83000183,47.18000031,47.61999893,528525,CL=F,Crude Oil Futures (CL=F)
2021-01-05 00:00:00-05:00,47.38000107,50.20000076,47.24000168,49.93000031,643191,CL=F,Crude Oil Futures (CL=F)
2021-01-06 00:00:00-05:00,49.81999969,50.93999863,49.47999954,50.63000107,509365,CL=F,Crude Oil Futures (CL=F)
2021-01-07 00:00:00-05:00,50.52999878,51.27999878,50.38999939,50.83000183,369292,CL=F,Crude Oil Futures (CL=F)
2021-01-08 00:00:00-05:00,50.93000031,52.75,50.81000137,52.24000168,499416,CL=F,Crude Oil Futures (CL=F)
2021-01-11 00:00:00-05:00,52.58000183,52.70000076,51.5,52.25,394822,CL=F,Crude Oil Futures (CL=F)
2021-01-12 00:00:00-05:00,52.18000031,53.45000076,52.06999969,53.20999908,400200,CL=F,Crude Oil Futures (CL=F)
2021-01-13 00:00:00-05:00,53.31000137,53.93000031,52.58000183,52.90999985,429898,CL=F,Crude Oil Futures (CL=F)
2021-01-14 00:00:00-05:00,52.84000015,53.75,52.24000168,53.56999969,390087,CL=F,Crude Oil Futures (CL=F)
2021-01-15 00:00:00-05:00,53.79999924,53.83000183,51.83000183,52.36000061,165668,CL=F,Crude Oil Futures (CL=F)
2021-01-19 00:00:00-05:00,52,53.13000107,51.75999832,52.97999954,125964,CL=F,Crude Oil Futures (CL=F)
2021-01-20 00:00:00-05:00,53.13000107,53.79000092,53.04999924,53.24000168,400301,CL=F,Crude Oil Futures (CL=F)
2021-01-21 00:00:00-05:00,52.93000031,53.40999985,52.75,53.13000107,352397,CL=F,Crude Oil Futures (CL=F)
2021-01-22 00:00:00-05:00,53.09999847,53.15999985,51.43999863,52.27000046,437484,CL=F,Crude Oil Futures (CL=F)
2021-01-25 00:00:00-05:00,52.16999817,52.95000076,51.81999969,52.77000046,349076,CL=F,Crude Oil Futures (CL=F)
2021-01-26 00:00:00-05:00,52.90999985,53.25,52.29000092,52.61000061,314538,CL=F,Crude Oil Futures (CL=F)
2021-01-27 00:00:00-05:00,52.75999832,53.29999924,51.84999847,52.84999847,442376,CL=F,Crude Oil Futures (CL=F)
2021-01-28 00:00:00-05:00,52.65000153,53.58000183,52.04000092,52.34000015,411406,CL=F,Crude Oil Futures (CL=F)
2021-01-29 00:00:00-05:00,52.15000153,53.25,51.93000031,52.20000076,410914,CL=F,Crude Oil Futures (CL=F)
2021-02-01 00:00:00-05:00,51.99000168,53.74000168,51.63999939,53.54999924,416067,CL=F,Crude Oil Futures (CL=F)
2021-02-02 00:00:00-05:00,53.47999954,55.25999832,53.45000076,54.75999832,463718,CL=F,Crude Oil Futures (CL=F)
2021-02-03 00:00:00-05:00,55.04999924,56.33000183,54.81000137,55.68999863,448693,CL=F,Crude Oil Futures (CL=F)
2021-02-04 00:00:00-05:00,55.95999908,56.58000183,55.29999924,56.22999954,381404,CL=F,Crude Oil Futures (CL=F)
2021-02-05 00:00:00-05:00,56.45999908,57.29000092,56.43000031,56.84999847,400833,CL=F,Crude Oil Futures (CL=F)
2021-02-08 00:00:00-05:00,57.06000137,58.13999939,57,57.97000122,399724,CL=F,Crude Oil Futures (CL=F)
2021-02-09 00:00:00-05:00,58.11000061,58.61999893,57.27000046,58.36000061,514698,CL=F,Crude Oil Futures (CL=F)
2021-02-10 00:00:00-05:00,58.45000076,58.90999985,58.08000183,58.68000031,457535,CL=F,Crude Oil Futures (CL=F)
2021-02-11 00:00:00-05:00,58.40000153,58.70999908,57.84000015,58.24000168,380445,CL=F,Crude Oil Futures (CL=F)
2021-02-12 00:00:00-05:00,57.93999863,59.81999969,57.40999985,59.47000122,480822,CL=F,Crude Oil Futures (CL=F)
2021-02-16 00:00:00-05:00,59.97999954,60.95000076,59.33000183,60.04999924,602332,CL=F,Crude Oil Futures (CL=F)
2021-02-17 00:00:00-05:00,60.24000168,61.72999954,59.43000031,61.13999939,335419,CL=F,Crude Oil Futures (CL=F)
2021-02-18 00:00:00-05:00,61.68000031,62.25999832,59.79000092,60.52000046,132035,CL=F,Crude Oil Futures (CL=F)
2021-02-19 00:00:00-05:00,60.20000076,60.29000092,58.59000015,59.24000168,102427,CL=F,Crude Oil Futures (CL=F)
2021-02-22 00:00:00-05:00,58.88000107,61.84000015,58.81999969,61.49000168,505773,CL=F,Crude Oil Futures (CL=F)
2021-02-23 00:00:00-05:00,62.15999985,63,60.66999817,61.66999817,570677,CL=F,Crude Oil Futures (CL=F)
2021-02-24 00:00:00-05:00,61.29000092,63.50999832,60.97000122,63.22000122,489933,CL=F,Crude Oil Futures (CL=F)
2021-02-25 00:00:00-05:00,63.38999939,63.81000137,62.65000153,63.52999878,510357,CL=F,Crude Oil Futures (CL=F)
2021-02-26 00:00:00-05:00,63.45999908,63.56999969,61.34000015,61.5,472723,CL=F,Crude Oil Futures (CL=F)
2021-03-01 00:00:00-05:00,61.95000076,62.91999817,59.95999908,60.63999939,456679,CL=F,Crude Oil Futures (CL=F)
2021-03-02 00:00:00-05:00,60.22999954,61.20999908,59.38000107,59.75,464133,CL=F,Crude Oil Futures (CL=F)
2021-03-03 00:00:00-05:00,59.54999924,61.99000168,59.24000168,61.27999878,465311,CL=F,Crude Oil Futures (CL=F)
2021-03-04 00:00:00-05:00,61.08000183,64.86000061,60.52000046,63.83000183,694628,CL=F,Crude Oil Futures (CL=F)
2021-03-05 00:00:00-05:00,64.16000366,66.41999817,63.81999969,66.08999634,573168,CL=F,Crude Oil Futures (CL=F)
2021-03-08 00:00:00-05:00,66.68000031,67.98000336,64.56999969,65.05000305,533376,CL=F,Crude Oil Futures (CL=F)
2021-03-09 00:00:00-05:00,64.73000336,65.98000336,63.63000107,64.01000214,554564,CL=F,Crude Oil Futures (CL=F)
2021-03-10 00:00:00-05:00,63.84000015,64.95999908,63.13000107,64.44000244,498488,CL=F,Crude Oil Futures (CL=F)
2021-03-11 00:00:00-05:00,64.69999695,66.20999908,64.54000092,66.01999664,441063,CL=F,Crude Oil Futures (CL=F)
2021-03-12 00:00:00-05:00,65.95999908,66.23999786,65.41000366,65.61000061,321714,CL=F,Crude Oil Futures (CL=F)
2021-03-15 00:00:00-04:00,65.55999756,66.40000153,64.12999725,65.38999939,378009,CL=F,Crude Oil Futures (CL=F)
2021-03-16 00:00:00-04:00,65.33000183,65.43000031,63.79999924,64.80000305,317537,CL=F,Crude Oil Futures (CL=F)
2021-03-17 00:00:00-04:00,64.75,65.33999634,63.59999847,64.59999847,254724,CL=F,Crude Oil Futures (CL=F)
2021-03-18 00:00:00-04:00,64.41999817,64.81999969,58.20000076,60,143597,CL=F,Crude Oil Futures (CL=F)
2021-03-19 00:00:00-04:00,59.56000137,61.72000122,58.93999863,61.41999817,84171,CL=F,Crude Oil Futures (CL=F)
2021-03-22 00:00:00-04:00,61.54999924,61.90000153,60.38999939,61.54999924,404370,CL=F,Crude Oil Futures (CL=F)
2021-03-23 00:00:00-04:00,61.27999878,61.34999847,57.25,57.75999832,712317,CL=F,Crude Oil Futures (CL=F)
2021-03-24 00:00:00-04:00,57.40000153,61.34000015,57.29000092,61.18000031,566291,CL=F,Crude Oil Futures (CL=F)
2021-03-25 00:00:00-04:00,60.79999924,60.86000061,57.43999863,58.56000137,580105,CL=F,Crude Oil Futures (CL=F)
2021-03-26 00:00:00-04:00,58.47999954,61.36000061,58.31999969,60.97000122,471996,CL=F,Crude Oil Futures (CL=F)
2021-03-29 00:00:00-04:00,60.93000031,61.77000046,59.40999985,61.56000137,449360,CL=F,Crude Oil Futures (CL=F)
2021-03-30 00:00:00-04:00,61.95999908,62.27000046,59.93999863,60.54999924,388188,CL=F,Crude Oil Futures (CL=F)
2021-03-31 00:00:00-04:00,60.45000076,61.16999817,58.84999847,59.15999985,414162,CL=F,Crude Oil Futures (CL=F)
2021-04-01 00:00:00-04:00,59.49000168,61.75,58.86000061,61.45000076,605567,CL=F,Crude Oil Futures (CL=F)
2021-04-05 00:00:00-04:00,61.5,61.5,57.63000107,58.65000153,438864,CL=F,Crude Oil Futures (CL=F)
2021-04-06 00:00:00-04:00,58.79999924,60.90000153,58.61999893,59.33000183,457348,CL=F,Crude Oil Futures (CL=F)
2021-04-07 00:00:00-04:00,59.25999832,60.04000092,58.11999893,59.77000046,475537,CL=F,Crude Oil Futures (CL=F)
2021-04-08 00:00:00-04:00,59.52000046,59.93000031,58.81999969,59.59999847,419913,CL=F,Crude Oil Futures (CL=F)
2021-04-09 00:00:00-04:00,59.75999832,59.95000076,59.09999847,59.31999969,351436,CL=F,Crude Oil Futures (CL=F)
2021-04-12 00:00:00-04:00,59.34999847,60.77000046,58.72999954,59.70000076,410218,CL=F,Crude Oil Futures (CL=F)
2021-04-13 00:00:00-04:00,59.63999939,60.59000015,59.63999939,60.18000031,349733,CL=F,Crude Oil Futures (CL=F)
2021-04-14 00:00:00-04:00,60.43999863,63.43999863,60.38000107,63.15000153,419813,CL=F,Crude Oil Futures (CL=F)
2021-04-15 00:00:00-04:00,62.83000183,63.56999969,62.52999878,63.45999908,243370,CL=F,Crude Oil Futures (CL=F)
2021-04-16 00:00:00-04:00,63.31999969,63.88000107,62.83000183,63.13000107,87795,CL=F,Crude Oil Futures (CL=F)
2021-04-19 00:00:00-04:00,62.97999954,63.63000107,62.63000107,63.38000107,74384,CL=F,Crude Oil Futures (CL=F)
2021-04-20 00:00:00-04:00,63.47000122,64.25,61.5,62.43999863,476046,CL=F,Crude Oil Futures (CL=F)
2021-04-21 00:00:00-04:00,62.38999939,62.56000137,60.86000061,61.34999847,431486,CL=F,Crude Oil Futures (CL=F)
2021-04-22 00:00:00-04:00,61.11000061,61.86999893,60.61000061,61.43000031,344700,CL=F,Crude Oil Futures (CL=F)
2021-04-23 00:00:00-04:00,61.65000153,62.43000031,61.25,62.13999939,345407,CL=F,Crude Oil Futures (CL=F)
2021-04-26 00:00:00-04:00,62.06000137,62.31000137,60.65999985,61.90999985,366865,CL=F,Crude Oil Futures (CL=F)
2021-04-27 00:00:00-04:00,61.97000122,63.29999924,61.90999985,62.93999863,361536,CL=F,Crude Oil Futures (CL=F)
2021-04-28 00:00:00-04:00,63.04000092,64.52999878,62.66999817,63.86000061,387683,CL=F,Crude Oil Futures (CL=F)
2021-04-29 00:00:00-04:00,63.70000076,65.47000122,63.65000153,65.01000214,384489,CL=F,Crude Oil Futures (CL=F)
2021-04-30 00:00:00-04:00,64.87999725,64.94999695,63.08000183,63.58000183,400515,CL=F,Crude Oil Futures (CL=F)
2021-05-03 00:00:00-04:00,63.63999939,64.68000031,62.90999985,64.48999786,285969,CL=F,Crude Oil Futures (CL=F)
2021-05-04 00:00:00-04:00,64.52999878,66.19000244,64.29000092,65.69000244,370208,CL=F,Crude Oil Futures (CL=F)
2021-05-05 00:00:00-04:00,66.44999695,66.76000214,64.91999817,65.62999725,460066,CL=F,Crude Oil Futures (CL=F)
2021-05-06 00:00:00-04:00,65.26999664,65.98000336,64.5,64.70999908,389214,CL=F,Crude Oil Futures (CL=F)
2021-05-07 00:00:00-04:00,64.90000153,65.23999786,63.90000153,64.90000153,431417,CL=F,Crude Oil Futures (CL=F)
2021-05-10 00:00:00-04:00,65.56999969,65.75,63.95000076,64.91999817,448337,CL=F,Crude Oil Futures (CL=F)
2021-05-11 00:00:00-04:00,64.90000153,65.5,63.68000031,65.27999878,514949,CL=F,Crude Oil Futures (CL=F)
2021-05-12 00:00:00-04:00,65.45999908,66.62999725,64.97000122,66.08000183,508519,CL=F,Crude Oil Futures (CL=F)
2021-05-13 00:00:00-04:00,65.75,65.80999756,63.09000015,63.81999969,547691,CL=F,Crude Oil Futures (CL=F)
2021-05-14 00:00:00-04:00,63.83000183,65.62000275,63.33000183,65.37000275,383749,CL=F,Crude Oil Futures (CL=F)
2021-05-17 00:00:00-04:00,65.5,66.43000031,64.83000183,66.26999664,268476,CL=F,Crude Oil Futures (CL=F)
2021-05-18 00:00:00-04:00,66.33000183,67.01000214,64.11000061,65.48999786,167348,CL=F,Crude Oil Futures (CL=F)
2021-05-19 00:00:00-04:00,65.27999878,65.34999847,61.95000076,63.36000061,101902,CL=F,Crude Oil Futures (CL=F)
2021-05-20 00:00:00-04:00,63.38999939,63.95999908,61.88999939,62.04999924,524168,CL=F,Crude Oil Futures (CL=F)
2021-05-21 00:00:00-04:00,61.88999939,64.06999969,61.56000137,63.58000183,530831,CL=F,Crude Oil Futures (CL=F)
2021-05-24 00:00:00-04:00,63.86999893,66.13999939,63.63000107,66.05000305,466647,CL=F,Crude Oil Futures (CL=F)
2021-05-25 00:00:00-04:00,66.01999664,66.51000214,65.41000366,66.06999969,497394,CL=F,Crude Oil Futures (CL=F)
2021-05-26 00:00:00-04:00,66.04000092,66.43000031,65.25,66.20999908,376207,CL=F,Crude Oil Futures (CL=F)
2021-05-27 00:00:00-04:00,66.16000366,66.91999817,65.47000122,66.84999847,337542,CL=F,Crude Oil Futures (CL=F)
2021-05-28 00:00:00-04:00,66.94999695,67.51999664,66.16999817,66.31999969,390461,CL=F,Crude Oil Futures (CL=F)
2021-06-01 00:00:00-04:00,66.68000031,68.87000275,66.41000366,67.72000122,570985,CL=F,Crude Oil Futures (CL=F)
2021-06-02 00:00:00-04:00,67.98999786,69,67.77999878,68.83000183,332995,CL=F,Crude Oil Futures (CL=F)
2021-06-03 00:00:00-04:00,68.76000214,69.40000153,68.19000244,68.80999756,351367,CL=F,Crude Oil Futures (CL=F)
2021-06-04 00:00:00-04:00,68.91000366,69.76000214,68.33000183,69.62000275,326250,CL=F,Crude Oil Futures (CL=F)
2021-06-07 00:00:00-04:00,69.51999664,70,68.93000031,69.23000336,365621,CL=F,Crude Oil Futures (CL=F)
2021-06-08 00:00:00-04:00,69.29000092,70.26999664,68.47000122,70.05000305,441302,CL=F,Crude Oil Futures (CL=F)
2021-06-09 00:00:00-04:00,70.01000214,70.62000275,69.45999908,69.95999908,410820,CL=F,Crude Oil Futures (CL=F)
2021-06-10 00:00:00-04:00,69.76000214,70.65000153,68.68000031,70.29000092,492464,CL=F,Crude Oil Futures (CL=F)
2021-06-11 00:00:00-04:00,70.09999847,71.23999786,69.68000031,70.91000366,563575,CL=F,Crude Oil Futures (CL=F)
2021-06-14 00:00:00-04:00,70.65000153,71.77999878,70.65000153,70.87999725,319639,CL=F,Crude Oil Futures (CL=F)
2021-06-15 00:00:00-04:00,71.16000366,72.48999786,70.80999756,72.12000275,336035,CL=F,Crude Oil Futures (CL=F)
2021-06-16 00:00:00-04:00,72.44999695,72.98999786,71.61000061,72.15000153,426775,CL=F,Crude Oil Futures (CL=F)
2021-06-17 00:00:00-04:00,71.65000153,72.30000305,69.76999664,71.04000092,373780,CL=F,Crude Oil Futures (CL=F)
2021-06-18 00:00:00-04:00,71.09999847,72.16999817,70.16000366,71.63999939,139584,CL=F,Crude Oil Futures (CL=F)
2021-06-21 00:00:00-04:00,71.51999664,73.95999908,71.15000153,73.66000366,123662,CL=F,Crude Oil Futures (CL=F)
2021-06-22 00:00:00-04:00,73.41000366,73.94999695,72.94000244,73.05999756,498555,CL=F,Crude Oil Futures (CL=F)
2021-06-23 00:00:00-04:00,72.91000366,74.25,72.81999969,73.08000183,429207,CL=F,Crude Oil Futures (CL=F)
2021-06-24 00:00:00-04:00,73.27999878,73.61000061,72.31999969,73.30000305,334833,CL=F,Crude Oil Futures (CL=F)
2021-06-25 00:00:00-04:00,73.31999969,74.18000031,72.84999847,74.05000305,364721,CL=F,Crude Oil Futures (CL=F)
2021-06-28 00:00:00-04:00,73.98999786,74.44999695,72.62000275,72.91000366,354701,CL=F,Crude Oil Futures (CL=F)
2021-06-29 00:00:00-04:00,72.77999878,73.80999756,71.97000122,72.98000336,321448,CL=F,Crude Oil Futures (CL=F)
2021-06-30 00:00:00-04:00,73.47000122,74.13999939,72.81999969,73.47000122,383626,CL=F,Crude Oil Futures (CL=F)
2021-07-01 00:00:00-04:00,73.5,76.22000122,73.38999939,75.23000336,615678,CL=F,Crude Oil Futures (CL=F)
2021-07-02 00:00:00-04:00,75.01999664,75.62000275,74.41000366,75.16000366,377531,CL=F,Crude Oil Futures (CL=F)
2021-07-06 00:00:00-04:00,75.34999847,76.98000336,72.94000244,73.37000275,714044,CL=F,Crude Oil Futures (CL=F)
2021-07-07 00:00:00-04:00,73.84999847,74.86000061,71.06999969,72.19999695,607971,CL=F,Crude Oil Futures (CL=F)
2021-07-08 00:00:00-04:00,72.16999817,73.26000214,70.76000214,72.94000244,529690,CL=F,Crude Oil Futures (CL=F)
2021-07-09 00:00:00-04:00,73.26000214,74.76000214,72.72000122,74.55999756,422154,CL=F,Crude Oil Futures (CL=F)
2021-07-12 00:00:00-04:00,74.73999786,74.93000031,73.16000366,74.09999847,397931,CL=F,Crude Oil Futures (CL=F)
2021-07-13 00:00:00-04:00,74.18000031,75.51999664,73.68000031,75.25,444078,CL=F,Crude Oil Futures (CL=F)
2021-07-14 00:00:00-04:00,75.16999817,75.44000244,72.20999908,73.12999725,528360,CL=F,Crude Oil Futures (CL=F)
2021-07-15 00:00:00-04:00,72.95999908,72.95999908,71.40000153,71.65000153,368679,CL=F,Crude Oil Futures (CL=F)
2021-07-16 00:00:00-04:00,71.48000336,72.30000305,70.41000366,71.80999756,133926,CL=F,Crude Oil Futures (CL=F)
2021-07-19 00:00:00-04:00,71.48999786,71.66999817,65.62999725,66.41999817,82565,CL=F,Crude Oil Futures (CL=F)
2021-07-20 00:00:00-04:00,66.59999847,67.65000153,65.20999908,67.41999817,561629,CL=F,Crude Oil Futures (CL=F)
2021-07-21 00:00:00-04:00,66.44999695,70.51000214,66.44000244,70.30000305,503030,CL=F,Crude Oil Futures (CL=F)
2021-07-22 00:00:00-04:00,70.22000122,72.02999878,69.86000061,71.91000366,435181,CL=F,Crude Oil Futures (CL=F)
2021-07-23 00:00:00-04:00,71.70999908,72.20999908,71.38999939,72.06999969,274778,CL=F,Crude Oil Futures (CL=F)
2021-07-26 00:00:00-04:00,72.18000031,72.43000031,70.55999756,71.91000366,395743,CL=F,Crude Oil Futures (CL=F)
2021-07-27 00:00:00-04:00,72.22000122,72.33000183,71.08000183,71.65000153,333123,CL=F,Crude Oil Futures (CL=F)
2021-07-28 00:00:00-04:00,71.90000153,72.59999847,71.69999695,72.38999939,318911,CL=F,Crude Oil Futures (CL=F)
2021-07-29 00:00:00-04:00,72.40000153,73.68000031,72.26000214,73.62000275,294462,CL=F,Crude Oil Futures (CL=F)
2021-07-30 00:00:00-04:00,73.41000366,74.23000336,72.93000031,73.94999695,303700,CL=F,Crude Oil Futures (CL=F)
2021-08-02 00:00:00-04:00,73.91000366,73.94999695,70.55000305,71.26000214,448200,CL=F,Crude Oil Futures (CL=F)
2021-08-03 00:00:00-04:00,71.51999664,71.95999908,69.19000244,70.55999756,509938,CL=F,Crude Oil Futures (CL=F)
2021-08-04 00:00:00-04:00,70.31999969,70.80999756,67.84999847,68.15000153,582924,CL=F,Crude Oil Futures (CL=F)
2021-08-05 00:00:00-04:00,68.05999756,69.34999847,67.61000061,69.08999634,416331,CL=F,Crude Oil Futures (CL=F)
2021-08-06 00:00:00-04:00,69.13999939,70.18000031,67.80000305,68.27999878,537136,CL=F,Crude Oil Futures (CL=F)
2021-08-09 00:00:00-04:00,67.87999725,67.90000153,65.15000153,66.48000336,598381,CL=F,Crude Oil Futures (CL=F)
2021-08-10 00:00:00-04:00,66.84999847,68.90000153,66.55999756,68.29000092,452126,CL=F,Crude Oil Futures (CL=F)
2021-08-11 00:00:00-04:00,68.51000214,69.44999695,66.66999817,69.25,513292,CL=F,Crude Oil Futures (CL=F)
2021-08-12 00:00:00-04:00,69.36000061,69.62000275,68.45999908,69.08999634,352465,CL=F,Crude Oil Futures (CL=F)
2021-08-13 00:00:00-04:00,68.91000366,69.22000122,67.76999664,68.44000244,272033,CL=F,Crude Oil Futures (CL=F)
2021-08-16 00:00:00-04:00,68.12999725,68.13999939,65.73000336,67.29000092,334844,CL=F,Crude Oil Futures (CL=F)
2021-08-17 00:00:00-04:00,67.43000031,67.72000122,66.33000183,66.58999634,235303,CL=F,Crude Oil Futures (CL=F)
2021-08-18 00:00:00-04:00,66.58000183,67.48000336,64.33999634,65.45999908,121197,CL=F,Crude Oil Futures (CL=F)
2021-08-19 00:00:00-04:00,64.58000183,64.76000214,62.63000107,63.68999863,88237,CL=F,Crude Oil Futures (CL=F)
2021-08-20 00:00:00-04:00,64.05000305,64.09999847,62.11000061,62.31999969,365009,CL=F,Crude Oil Futures (CL=F)
2021-08-23 00:00:00-04:00,61.95999908,66,61.74000168,65.63999939,397290,CL=F,Crude Oil Futures (CL=F)
2021-08-24 00:00:00-04:00,65.54000092,67.80000305,65.41000366,67.54000092,335888,CL=F,Crude Oil Futures (CL=F)
2021-08-25 00:00:00-04:00,67.62999725,68.54000092,66.91999817,68.36000061,353742,CL=F,Crude Oil Futures (CL=F)
2021-08-26 00:00:00-04:00,68,68.30999756,67.01999664,67.41999817,344286,CL=F,Crude Oil Futures (CL=F)
2021-08-27 00:00:00-04:00,67.75,69.05000305,67.51999664,68.73999786,326056,CL=F,Crude Oil Futures (CL=F)
2021-08-30 00:00:00-04:00,69.30000305,69.63999939,67.66999817,69.20999908,360797,CL=F,Crude Oil Futures (CL=F)
2021-08-31 00:00:00-04:00,69.18000031,69.33999634,68.16000366,68.5,325853,CL=F,Crude Oil Futures (CL=F)
2021-09-01 00:00:00-04:00,68.55000305,69.23999786,67.12000275,68.58999634,399497,CL=F,Crude Oil Futures (CL=F)
2021-09-02 00:00:00-04:00,68.29000092,70.61000061,67.83999634,69.98999786,403314,CL=F,Crude Oil Futures (CL=F)
2021-09-03 00:00:00-04:00,69.76000214,70.52999878,69.05000305,69.29000092,313086,CL=F,Crude Oil Futures (CL=F)
2021-09-07 00:00:00-04:00,69.11000061,69.48000336,67.63999939,68.34999847,481704,CL=F,Crude Oil Futures (CL=F)
2021-09-08 00:00:00-04:00,68.37000275,69.75,68.30999756,69.30000305,389325,CL=F,Crude Oil Futures (CL=F)
2021-09-09 00:00:00-04:00,69.36000061,69.88999939,67.55999756,68.13999939,556451,CL=F,Crude Oil Futures (CL=F)
2021-09-10 00:00:00-04:00,67.97000122,69.95999908,67.68000031,69.72000122,411079,CL=F,Crude Oil Futures (CL=F)
2021-09-13 00:00:00-04:00,69.73999786,70.97000122,69.51000214,70.44999695,390939,CL=F,Crude Oil Futures (CL=F)
2021-09-14 00:00:00-04:00,70.63999939,71.22000122,69.98000336,70.45999908,414231,CL=F,Crude Oil Futures (CL=F)
2021-09-15 00:00:00-04:00,70.76000214,73.13999939,70.65000153,72.61000061,418665,CL=F,Crude Oil Futures (CL=F)
2021-09-16 00:00:00-04:00,72.65000153,72.98999786,71.52999878,72.61000061,298412,CL=F,Crude Oil Futures (CL=F)
2021-09-17 00:00:00-04:00,72.62000275,72.72000122,71.20999908,71.97000122,119933,CL=F,Crude Oil Futures (CL=F)
2021-09-20 00:00:00-04:00,71.91999817,72.08000183,69.86000061,70.29000092,75837,CL=F,Crude Oil Futures (CL=F)
2021-09-21 00:00:00-04:00,70.58999634,71.62999725,69.66999817,70.55999756,393403,CL=F,Crude Oil Futures (CL=F)
2021-09-22 00:00:00-04:00,70.84999847,72.30000305,70.63999939,72.23000336,381061,CL=F,Crude Oil Futures (CL=F)
2021-09-23 00:00:00-04:00,71.97000122,73.5,71.61000061,73.30000305,403405,CL=F,Crude Oil Futures (CL=F)
2021-09-24 00:00:00-04:00,73.23999786,74.26999664,72.80999756,73.98000336,350382,CL=F,Crude Oil Futures (CL=F)
2021-09-27 00:00:00-04:00,74.19000244,75.75,74.16000366,75.44999695,417829,CL=F,Crude Oil Futures (CL=F)
2021-09-28 00:00:00-04:00,75.43000031,76.66999817,74.23999786,75.29000092,476143,CL=F,Crude Oil Futures (CL=F)
2021-09-29 00:00:00-04:00,74.37999725,75.79000092,73.73999786,74.83000183,424193,CL=F,Crude Oil Futures (CL=F)
2021-09-30 00:00:00-04:00,74.77999878,76.06999969,73.13999939,75.02999878,583189,CL=F,Crude Oil Futures (CL=F)
2021-10-01 00:00:00-04:00,75.12000275,75.98999786,74.23000336,75.87999725,388996,CL=F,Crude Oil Futures (CL=F)
2021-10-04 00:00:00-04:00,75.90000153,78.37999725,75.31999969,77.62000275,458006,CL=F,Crude Oil Futures (CL=F)
2021-10-05 00:00:00-04:00,77.58000183,79.48000336,77.47000122,78.93000031,449617,CL=F,Crude Oil Futures (CL=F)
2021-10-06 00:00:00-04:00,79.04000092,79.77999878,76.83000183,77.43000031,459055,CL=F,Crude Oil Futures (CL=F)
2021-10-07 00:00:00-04:00,77,78.88999939,74.95999908,78.30000305,545008,CL=F,Crude Oil Futures (CL=F)
2021-10-08 00:00:00-04:00,78.86000061,80.11000061,78.62999725,79.34999847,662010,CL=F,Crude Oil Futures (CL=F)
2021-10-11 00:00:00-04:00,79.58999634,82.18000031,79.55000305,80.51999664,653756,CL=F,Crude Oil Futures (CL=F)
2021-10-12 00:00:00-04:00,80.5,81.62000275,79.47000122,80.63999939,598181,CL=F,Crude Oil Futures (CL=F)
2021-10-13 00:00:00-04:00,80.58000183,81.04000092,79.41999817,80.44000244,487220,CL=F,Crude Oil Futures (CL=F)
2021-10-14 00:00:00-04:00,80.58999634,81.68000031,80.37999725,81.30999756,399813,CL=F,Crude Oil Futures (CL=F)
2021-10-15 00:00:00-04:00,81.48000336,82.66000366,81.38999939,82.27999878,277953,CL=F,Crude Oil Futures (CL=F)
2021-10-18 00:00:00-04:00,82.59999847,83.87000275,81.83999634,82.44000244,134098,CL=F,Crude Oil Futures (CL=F)
2021-10-19 00:00:00-04:00,82.37000275,83.73999786,81.80000305,82.95999908,82607,CL=F,Crude Oil Futures (CL=F)
2021-10-20 00:00:00-04:00,83.33999634,84.25,81.30000305,83.87000275,530693,CL=F,Crude Oil Futures (CL=F)
2021-10-21 00:00:00-04:00,83.58000183,83.95999908,80.79000092,82.5,567503,CL=F,Crude Oil Futures (CL=F)
2021-10-22 00:00:00-04:00,82.61000061,84.22000122,81.76000214,83.76000214,465355,CL=F,Crude Oil Futures (CL=F)
2021-10-25 00:00:00-04:00,83.98000336,85.41000366,83.38999939,83.76000214,568725,CL=F,Crude Oil Futures (CL=F)
2021-10-26 00:00:00-04:00,83.72000122,84.87999725,82.97000122,84.65000153,467716,CL=F,Crude Oil Futures (CL=F)
2021-10-27 00:00:00-04:00,84.38999939,84.51000214,82.01000214,82.66000366,529952,CL=F,Crude Oil Futures (CL=F)
2021-10-28 00:00:00-04:00,82.25,83.20999908,80.58000183,82.80999756,491585,CL=F,Crude Oil Futures (CL=F)
2021-10-29 00:00:00-04:00,83.08999634,83.73999786,81.41000366,83.56999969,507309,CL=F,Crude Oil Futures (CL=F)
2021-11-01 00:00:00-04:00,83.36000061,84.87999725,82.73999786,84.05000305,412309,CL=F,Crude Oil Futures (CL=F)
2021-11-02 00:00:00-04:00,83.87000275,84.41000366,82.91999817,83.91000366,429608,CL=F,Crude Oil Futures (CL=F)
2021-11-03 00:00:00-04:00,83.06999969,83.08000183,79.69000244,80.86000061,546577,CL=F,Crude Oil Futures (CL=F)
2021-11-04 00:00:00-04:00,80.18000031,83.41999817,78.25,78.80999756,701119,CL=F,Crude Oil Futures (CL=F)
2021-11-05 00:00:00-04:00,79.37000275,81.80000305,78.95999908,81.26999664,531054,CL=F,Crude Oil Futures (CL=F)
2021-11-08 00:00:00-05:00,81.12999725,82.66999817,81.05000305,81.93000031,393953,CL=F,Crude Oil Futures (CL=F)
2021-11-09 00:00:00-05:00,82.16000366,84.62999725,81.77999878,84.15000153,504832,CL=F,Crude Oil Futures (CL=F)
2021-11-10 00:00:00-05:00,84.52999878,84.97000122,80.80999756,81.33999634,555215,CL=F,Crude Oil Futures (CL=F)
2021-11-11 00:00:00-05:00,81.41000366,82.33000183,80.19999695,81.58999634,475436,CL=F,Crude Oil Futures (CL=F)
2021-11-12 00:00:00-05:00,81.20999908,81.62000275,79.77999878,80.79000092,390304,CL=F,Crude Oil Futures (CL=F)
2021-11-15 00:00:00-05:00,80.66000366,81.19999695,79.30000305,80.87999725,343484,CL=F,Crude Oil Futures (CL=F)
2021-11-16 00:00:00-05:00,80.93000031,81.80999756,80.02999878,80.76000214,325668,CL=F,Crude Oil Futures (CL=F)
2021-11-17 00:00:00-05:00,80.54000092,80.69000244,77.69000244,78.36000061,174471,CL=F,Crude Oil Futures (CL=F)
2021-11-18 00:00:00-05:00,78.33999634,79.36000061,77.08000183,79.01000214,83984,CL=F,Crude Oil Futures (CL=F)
2021-11-19 00:00:00-05:00,78.76000214,79.91999817,75.37000275,76.09999847,623448,CL=F,Crude Oil Futures (CL=F)
2021-11-22 00:00:00-05:00,75.75,77.16000366,74.76000214,76.75,465768,CL=F,Crude Oil Futures (CL=F)
2021-11-23 00:00:00-05:00,76.45999908,78.86000061,75.30000305,78.5,506987,CL=F,Crude Oil Futures (CL=F)
2021-11-24 00:00:00-05:00,78.48000336,79.23000336,77.98000336,78.38999939,328848,CL=F,Crude Oil Futures (CL=F)
2021-11-26 00:00:00-05:00,78.33999634,78.65000153,67.40000153,68.15000153,844630,CL=F,Crude Oil Futures (CL=F)
2021-11-29 00:00:00-05:00,69.23000336,72.93000031,68.86000061,69.94999695,675090,CL=F,Crude Oil Futures (CL=F)
2021-11-30 00:00:00-05:00,70.04000092,71.22000122,64.43000031,66.18000031,722475,CL=F,Crude Oil Futures (CL=F)
2021-12-01 00:00:00-05:00,67.01000214,69.48999786,64.83999634,65.56999969,602447,CL=F,Crude Oil Futures (CL=F)
2021-12-02 00:00:00-05:00,65.62999725,67.48999786,62.43000031,66.5,668293,CL=F,Crude Oil Futures (CL=F)
2021-12-03 00:00:00-05:00,67.5,69.22000122,65.59999847,66.26000214,449974,CL=F,Crude Oil Futures (CL=F)
2021-12-06 00:00:00-05:00,67.01999664,70.15000153,66.72000122,69.48999786,401060,CL=F,Crude Oil Futures (CL=F)
2021-12-07 00:00:00-05:00,69.72000122,73.02999878,69.51999664,72.05000305,496528,CL=F,Crude Oil Futures (CL=F)
2021-12-08 00:00:00-05:00,71.86000061,73,70.91000366,72.36000061,464846,CL=F,Crude Oil Futures (CL=F)
2021-12-09 00:00:00-05:00,72.51999664,73.33999634,70.38999939,70.94000244,393205,CL=F,Crude Oil Futures (CL=F)
2021-12-10 00:00:00-05:00,70.68000031,72.33000183,70.31999969,71.66999817,397883,CL=F,Crude Oil Futures (CL=F)
2021-12-13 00:00:00-05:00,72.04000092,73,70.70999908,71.29000092,406604,CL=F,Crude Oil Futures (CL=F)
2021-12-14 00:00:00-05:00,71.12000275,72.02999878,69.51000214,70.73000336,359454,CL=F,Crude Oil Futures (CL=F)
2021-12-15 00:00:00-05:00,70.34999847,71.66000366,69.38999939,70.87000275,294337,CL=F,Crude Oil Futures (CL=F)
2021-12-16 00:00:00-05:00,71.48000336,72.98999786,71.02999878,72.37999725,142541,CL=F,Crude Oil Futures (CL=F)
2021-12-17 00:00:00-05:00,71.91999817,72.26000214,69.88999939,70.86000061,78125,CL=F,Crude Oil Futures (CL=F)
2021-12-20 00:00:00-05:00,70.06999969,70.06999969,66.04000092,68.23000336,492217,CL=F,Crude Oil Futures (CL=F)
2021-12-21 00:00:00-05:00,69.20999908,71.55000305,68.55999756,71.12000275,358779,CL=F,Crude Oil Futures (CL=F)
2021-12-22 00:00:00-05:00,71.26999664,73.16000366,70.80000305,72.76000214,306709,CL=F,Crude Oil Futures (CL=F)
2021-12-23 00:00:00-05:00,73.02999878,73.94999695,72.26999664,73.79000092,270223,CL=F,Crude Oil Futures (CL=F)
2021-12-27 00:00:00-05:00,73.37999725,76.08999634,72.56999969,75.56999969,268490,CL=F,Crude Oil Futures (CL=F)
2021-12-28 00:00:00-05:00,75.97000122,76.91999817,75.52999878,75.98000336,249728,CL=F,Crude Oil Futures (CL=F)
2021-12-29 00:00:00-05:00,76.04000092,77.37000275,75.36000061,76.55999756,283557,CL=F,Crude Oil Futures (CL=F)
2021-12-30 00:00:00-05:00,76.58000183,77.44000244,75.77999878,76.98999786,231163,CL=F,Crude Oil Futures (CL=F)
2021-12-31 00:00:00-05:00,76.66000366,77.08000183,74.94999695,75.20999908,237118,CL=F,Crude Oil Futures (CL=F)
2022-01-03 00:00:00-05:00,75.69000244,76.45999908,74.26999664,76.08000183,317628,CL=F,Crude Oil Futures (CL=F)
2022-01-04 00:00:00-05:00,76.01999664,77.63999939,75.69999695,76.98999786,372848,CL=F,Crude Oil Futures (CL=F)
2022-01-05 00:00:00-05:00,77.18000031,78.58000183,76.51000214,77.84999847,397898,CL=F,Crude Oil Futures (CL=F)
2022-01-06 00:00:00-05:00,77.23999786,80.23999786,76.73000336,79.45999908,476665,CL=F,Crude Oil Futures (CL=F)
2022-01-07 00:00:00-05:00,79.62000275,80.47000122,78.51999664,78.90000153,414434,CL=F,Crude Oil Futures (CL=F)
2022-01-10 00:00:00-05:00,78.87999725,79.44999695,77.83000183,78.23000336,389956,CL=F,Crude Oil Futures (CL=F)
2022-01-11 00:00:00-05:00,78.41999817,81.58999634,78.36000061,81.22000122,481815,CL=F,Crude Oil Futures (CL=F)
2022-01-12 00:00:00-05:00,81.37999725,83.09999847,81.16999817,82.63999939,420619,CL=F,Crude Oil Futures (CL=F)
2022-01-13 00:00:00-05:00,82.81999969,82.94000244,81.38999939,82.12000275,364769,CL=F,Crude Oil Futures (CL=F)
2022-01-14 00:00:00-05:00,81.73000336,84.44999695,81.58000183,83.81999969,364442,CL=F,Crude Oil Futures (CL=F)
2022-01-18 00:00:00-05:00,84.31999969,86.62999725,83.5,85.43000031,163643,CL=F,Crude Oil Futures (CL=F)
2022-01-19 00:00:00-05:00,86.61000061,87.91000366,85.76999664,86.95999908,113153,CL=F,Crude Oil Futures (CL=F)
2022-01-20 00:00:00-05:00,86.23000336,87.81999969,86,86.90000153,532202,CL=F,Crude Oil Futures (CL=F)
2022-01-21 00:00:00-05:00,84.56999969,85.55999756,82.77999878,85.13999939,509103,CL=F,Crude Oil Futures (CL=F)
2022-01-24 00:00:00-05:00,84.91000366,86.08999634,81.90000153,83.30999756,511695,CL=F,Crude Oil Futures (CL=F)
2022-01-25 00:00:00-05:00,84.15000153,85.70999908,82.98999786,85.59999847,507219,CL=F,Crude Oil Futures (CL=F)
2022-01-26 00:00:00-05:00,85.26000214,87.94999695,85.01000214,87.34999847,459642,CL=F,Crude Oil Futures (CL=F)
2022-01-27 00:00:00-05:00,87.15000153,88.54000092,86.19999695,86.61000061,427804,CL=F,Crude Oil Futures (CL=F)
2022-01-28 00:00:00-05:00,87.5,88.83999634,86.44000244,86.81999969,436172,CL=F,Crude Oil Futures (CL=F)
2022-01-31 00:00:00-05:00,87.44999695,88.38999939,86.33999634,88.15000153,359080,CL=F,Crude Oil Futures (CL=F)
2022-02-01 00:00:00-05:00,88.15000153,88.87000275,86.55000305,88.19999695,376841,CL=F,Crude Oil Futures (CL=F)
2022-02-02 00:00:00-05:00,88.34999847,89.72000122,87.09999847,88.26000214,456863,CL=F,Crude Oil Futures (CL=F)
2022-02-03 00:00:00-05:00,87.98000336,90.44999695,86.75,90.26999664,465771,CL=F,Crude Oil Futures (CL=F)
2022-02-04 00:00:00-05:00,90.19000244,93.16999817,90.06999969,92.30999756,410926,CL=F,Crude Oil Futures (CL=F)
2022-02-07 00:00:00-05:00,91.81999969,92.73000336,90.73000336,91.31999969,497754,CL=F,Crude Oil Futures (CL=F)
2022-02-08 00:00:00-05:00,91.63999939,91.68000031,88.51000214,89.36000061,467386,CL=F,Crude Oil Futures (CL=F)
2022-02-09 00:00:00-05:00,89.86000061,90.58000183,88.41000366,89.66000366,445618,CL=F,Crude Oil Futures (CL=F)
2022-02-10 00:00:00-05:00,90.01000214,91.73999786,89.02999878,89.87999725,492091,CL=F,Crude Oil Futures (CL=F)
2022-02-11 00:00:00-05:00,90,94.66000366,89.19000244,93.09999847,554423,CL=F,Crude Oil Futures (CL=F)
2022-02-14 00:00:00-05:00,93.91000366,95.81999969,92.08999634,95.45999908,467071,CL=F,Crude Oil Futures (CL=F)
2022-02-15 00:00:00-05:00,94.83000183,95.16999817,90.66000366,92.06999969,442641,CL=F,Crude Oil Futures (CL=F)
2022-02-16 00:00:00-05:00,92.20999908,95.01000214,90,93.66000366,401453,CL=F,Crude Oil Futures (CL=F)
2022-02-17 00:00:00-05:00,90.90000153,93.36000061,90.62000275,91.76000214,212552,CL=F,Crude Oil Futures (CL=F)
2022-02-18 00:00:00-05:00,91.62999725,92.66000366,89.02999878,91.06999969,150382,CL=F,Crude Oil Futures (CL=F)
2022-02-22 00:00:00-05:00,91.75,96,90.34999847,92.34999847,789041,CL=F,Crude Oil Futures (CL=F)
2022-02-23 00:00:00-05:00,91.73999786,93.90000153,90.63999939,92.09999847,440574,CL=F,Crude Oil Futures (CL=F)
2022-02-24 00:00:00-05:00,92.51999664,100.5400009,91.44999695,92.80999756,872244,CL=F,Crude Oil Futures (CL=F)
2022-02-25 00:00:00-05:00,93.31999969,95.63999939,90.05999756,91.58999634,523793,CL=F,Crude Oil Futures (CL=F)
2022-02-28 00:00:00-05:00,94.98999786,99.09999847,94.43000031,95.72000122,490796,CL=F,Crude Oil Futures (CL=F)
2022-03-01 00:00:00-05:00,96.08999634,106.7799988,95.31999969,103.4100037,698814,CL=F,Crude Oil Futures (CL=F)
2022-03-02 00:00:00-05:00,107.1200027,112.5100021,105.1800003,110.5999985,651853,CL=F,Crude Oil Futures (CL=F)
2022-03-03 00:00:00-05:00,111.3300018,116.5699997,106.4300003,107.6699982,592031,CL=F,Crude Oil Futures (CL=F)
2022-03-04 00:00:00-05:00,107.9599991,116.0199966,107.25,115.6800003,493875,CL=F,Crude Oil Futures (CL=F)
2022-03-07 00:00:00-05:00,121.3300018,130.5,115.5400009,119.4000015,576022,CL=F,Crude Oil Futures (CL=F)
2022-03-08 00:00:00-05:00,120.6699982,129.4400024,117.0699997,123.6999969,583106,CL=F,Crude Oil Futures (CL=F)
2022-03-09 00:00:00-05:00,124.6600037,126.8399963,103.6299973,108.6999969,594773,CL=F,Crude Oil Futures (CL=F)
2022-03-10 00:00:00-05:00,110.4100037,114.8799973,105.5299988,106.0199966,437924,CL=F,Crude Oil Futures (CL=F)
2022-03-11 00:00:00-05:00,105.9899979,110.2900009,104.4800034,109.3300018,368194,CL=F,Crude Oil Futures (CL=F)
2022-03-14 00:00:00-04:00,109.4199982,109.7200012,99.76000214,103.0100021,344184,CL=F,Crude Oil Futures (CL=F)
2022-03-15 00:00:00-04:00,102.2799988,102.5800018,93.52999878,96.44000244,401690,CL=F,Crude Oil Futures (CL=F)
2022-03-16 00:00:00-04:00,95.23000336,99.22000122,94.06999969,95.04000092,293947,CL=F,Crude Oil Futures (CL=F)
2022-03-17 00:00:00-04:00,95.33999634,104.2399979,94.84999847,102.9800034,210763,CL=F,Crude Oil Futures (CL=F)
2022-03-18 00:00:00-04:00,103.6200027,106.2799988,102.3000031,104.6999969,74247,CL=F,Crude Oil Futures (CL=F)
2022-03-21 00:00:00-04:00,105.1299973,112.6900024,104.0800018,112.1200027,77217,CL=F,Crude Oil Futures (CL=F)
2022-03-22 00:00:00-04:00,112.9000015,115.0100021,109.3000031,111.7600021,318629,CL=F,Crude Oil Futures (CL=F)
2022-03-23 00:00:00-04:00,108.8499985,115.4000015,108.3799973,114.9300003,289182,CL=F,Crude Oil Futures (CL=F)
2022-03-24 00:00:00-04:00,114.4700012,116.6399994,110.6100006,112.3399963,307238,CL=F,Crude Oil Futures (CL=F)
2022-03-25 00:00:00-04:00,111.75,114.1200027,108.6800003,113.9000015,320304,CL=F,Crude Oil Futures (CL=F)
2022-03-28 00:00:00-04:00,112.9199982,112.9300003,102.8300018,105.9599991,372251,CL=F,Crude Oil Futures (CL=F)
2022-03-29 00:00:00-04:00,103.4700012,107.8399963,98.44000244,104.2399979,387200,CL=F,Crude Oil Futures (CL=F)
2022-03-30 00:00:00-04:00,105.2399979,108.75,104.5500031,107.8199997,284544,CL=F,Crude Oil Futures (CL=F)
2022-03-31 00:00:00-04:00,107.4499969,107.8000031,99.66000366,100.2799988,450845,CL=F,Crude Oil Futures (CL=F)
2022-04-01 00:00:00-04:00,101.2300034,101.75,97.77999878,99.26999664,324777,CL=F,Crude Oil Futures (CL=F)
2022-04-04 00:00:00-04:00,98.94999695,103.9400024,98.05000305,103.2799988,288131,CL=F,Crude Oil Futures (CL=F)
2022-04-05 00:00:00-04:00,103.6600037,105.5899963,99.87999725,101.9599991,280283,CL=F,Crude Oil Futures (CL=F)
2022-04-06 00:00:00-04:00,101.2399979,104.0199966,95.73000336,96.23000336,366036,CL=F,Crude Oil Futures (CL=F)
2022-04-07 00:00:00-04:00,97.16000366,98.81999969,93.80999756,96.02999878,367318,CL=F,Crude Oil Futures (CL=F)
2022-04-08 00:00:00-04:00,97.16999817,98.76000214,95.29000092,98.26000214,310082,CL=F,Crude Oil Futures (CL=F)
2022-04-11 00:00:00-04:00,98.40000153,98.51999664,92.93000031,94.29000092,315873,CL=F,Crude Oil Futures (CL=F)
2022-04-12 00:00:00-04:00,95.16999817,101.3499985,94.83999634,100.5999985,329037,CL=F,Crude Oil Futures (CL=F)
2022-04-13 00:00:00-04:00,100.9100037,104.4700012,99.87000275,104.25,312502,CL=F,Crude Oil Futures (CL=F)
2022-04-14 00:00:00-04:00,104.1999969,107.6399994,102.1200027,106.9499969,244952,CL=F,Crude Oil Futures (CL=F)
2022-04-18 00:00:00-04:00,107.0299988,109.8099976,106,108.2099991,68489,CL=F,Crude Oil Futures (CL=F)
2022-04-19 00:00:00-04:00,107.75,108.9199982,102.0999985,102.5599976,71792,CL=F,Crude Oil Futures (CL=F)
2022-04-20 00:00:00-04:00,103.0500031,104.1600037,100.6999969,102.75,299028,CL=F,Crude Oil Futures (CL=F)
2022-04-21 00:00:00-04:00,102.5,105.4199982,102.0100021,103.7900009,280321,CL=F,Crude Oil Futures (CL=F)
2022-04-22 00:00:00-04:00,104.0699997,104.2200012,101.0599976,102.0699997,246116,CL=F,Crude Oil Futures (CL=F)
2022-04-25 00:00:00-04:00,101.3799973,101.5500031,95.27999878,98.54000092,328153,CL=F,Crude Oil Futures (CL=F)
2022-04-26 00:00:00-04:00,98.63999939,102.7799988,97.05999756,101.6999969,351850,CL=F,Crude Oil Futures (CL=F)
2022-04-27 00:00:00-04:00,101.7600021,102.9899979,99.80000305,102.0199966,278781,CL=F,Crude Oil Futures (CL=F)
2022-04-28 00:00:00-04:00,102.1100006,105.6800003,100.1299973,105.3600006,312064,CL=F,Crude Oil Futures (CL=F)
2022-04-29 00:00:00-04:00,105.1699982,107.9899979,103.7799988,104.6900024,294386,CL=F,Crude Oil Futures (CL=F)
2022-05-02 00:00:00-04:00,104,105.9400024,100.2799988,105.1699982,261878,CL=F,Crude Oil Futures (CL=F)
2022-05-03 00:00:00-04:00,105.0800018,105.8000031,102.0999985,102.4100037,239266,CL=F,Crude Oil Futures (CL=F)
2022-05-04 00:00:00-04:00,103.5,108.6100006,102.9499969,107.8099976,272909,CL=F,Crude Oil Futures (CL=F)
2022-05-05 00:00:00-04:00,107.5800018,111.3700027,106.4499969,108.2600021,286916,CL=F,Crude Oil Futures (CL=F)
2022-05-06 00:00:00-04:00,108.6999969,111.1800003,107.2399979,109.7699966,294278,CL=F,Crude Oil Futures (CL=F)
2022-05-09 00:00:00-04:00,110.4300003,110.4899979,102.1299973,103.0899963,368183,CL=F,Crude Oil Futures (CL=F)
2022-05-10 00:00:00-04:00,102.6500015,104.1600037,98.86000061,99.76000214,389750,CL=F,Crude Oil Futures (CL=F)
2022-05-11 00:00:00-04:00,99,106.4400024,98.19999695,105.7099991,382701,CL=F,Crude Oil Futures (CL=F)
2022-05-12 00:00:00-04:00,105.6299973,107.3700027,102.6600037,106.1299973,323547,CL=F,Crude Oil Futures (CL=F)
2022-05-13 00:00:00-04:00,106.6500015,110.6399994,106.2900009,110.4899979,240989,CL=F,Crude Oil Futures (CL=F)
2022-05-16 00:00:00-04:00,110.9800034,114.9000015,108.1100006,114.1999969,289127,CL=F,Crude Oil Futures (CL=F)
2022-05-17 00:00:00-04:00,113.8700027,115.5599976,111.75,112.4000015,252630,CL=F,Crude Oil Futures (CL=F)
2022-05-18 00:00:00-04:00,113.6600037,115.4199982,108.4599991,109.5899963,103669,CL=F,Crude Oil Futures (CL=F)
2022-05-19 00:00:00-04:00,109.0899963,112.6200027,105.1299973,112.2099991,68511,CL=F,Crude Oil Futures (CL=F)
2022-05-20 00:00:00-04:00,111.4499969,114.0400009,110.8499985,113.2300034,229930,CL=F,Crude Oil Futures (CL=F)
2022-05-23 00:00:00-04:00,110.5599976,111.9599991,109.1500015,110.2900009,215623,CL=F,Crude Oil Futures (CL=F)
2022-05-24 00:00:00-04:00,110.4100037,111.4300003,108.6100006,109.7699966,224794,CL=F,Crude Oil Futures (CL=F)
2022-05-25 00:00:00-04:00,110.3899994,111.6800003,109.2300034,110.3300018,191370,CL=F,Crude Oil Futures (CL=F)
2022-05-26 00:00:00-04:00,110.6900024,114.8300018,110.2699966,114.0899963,234752,CL=F,Crude Oil Futures (CL=F)
2022-05-27 00:00:00-04:00,114.1999969,115.3000031,112.8499985,115.0699997,217281,CL=F,Crude Oil Futures (CL=F)
2022-05-31 00:00:00-04:00,114.9599991,119.9800034,114.1500015,114.6699982,440796,CL=F,Crude Oil Futures (CL=F)
2022-06-01 00:00:00-04:00,115.4000015,117.8700027,114.5800018,115.2600021,290530,CL=F,Crude Oil Futures (CL=F)
2022-06-02 00:00:00-04:00,114.8000031,117.7699966,111.1999969,116.8700027,327600,CL=F,Crude Oil Futures (CL=F)
2022-06-03 00:00:00-04:00,117.5500031,120.4599991,115.2300034,118.8700027,240831,CL=F,Crude Oil Futures (CL=F)
2022-06-06 00:00:00-04:00,120.8199997,120.9899979,117.6299973,118.5,246825,CL=F,Crude Oil Futures (CL=F)
2022-06-07 00:00:00-04:00,119.0999985,120.3600006,117.1399994,119.4100037,341694,CL=F,Crude Oil Futures (CL=F)
2022-06-08 00:00:00-04:00,119.7900009,123.1800003,119.3000031,122.1100006,340591,CL=F,Crude Oil Futures (CL=F)
2022-06-09 00:00:00-04:00,122.4300003,122.7200012,120.7900009,121.5100021,293295,CL=F,Crude Oil Futures (CL=F)
2022-06-10 00:00:00-04:00,121.4599991,122.75,118.3300018,120.6699982,352906,CL=F,Crude Oil Futures (CL=F)
2022-06-13 00:00:00-04:00,120.1900024,122.25,117.4700012,120.9300003,372403,CL=F,Crude Oil Futures (CL=F)
2022-06-14 00:00:00-04:00,121.0899963,123.6800003,116.6200027,118.9300003,366320,CL=F,Crude Oil Futures (CL=F)
2022-06-15 00:00:00-04:00,119.0699997,119.6100006,114.5999985,115.3099976,301750,CL=F,Crude Oil Futures (CL=F)
2022-06-16 00:00:00-04:00,115.9800034,118.0800018,112.3099976,117.5899963,162543,CL=F,Crude Oil Futures (CL=F)
2022-06-17 00:00:00-04:00,117.0800018,118.9700012,108.25,109.5599976,103149,CL=F,Crude Oil Futures (CL=F)
2022-06-21 00:00:00-04:00,110.5800018,112.4700012,108.7200012,110.6500015,427262,CL=F,Crude Oil Futures (CL=F)
2022-06-22 00:00:00-04:00,109.5400009,109.7600021,101.5299988,106.1900024,432724,CL=F,Crude Oil Futures (CL=F)
2022-06-23 00:00:00-04:00,104.4199982,107.0500031,102.3199997,104.2699966,346362,CL=F,Crude Oil Futures (CL=F)
2022-06-24 00:00:00-04:00,103.9899979,108.5800018,103.6399994,107.6200027,321591,CL=F,Crude Oil Futures (CL=F)
2022-06-27 00:00:00-04:00,107.2200012,110.5400009,105.5999985,109.5699997,282914,CL=F,Crude Oil Futures (CL=F)
2022-06-28 00:00:00-04:00,110.1800003,112.2200012,109.6200027,111.7600021,306748,CL=F,Crude Oil Futures (CL=F)
2022-06-29 00:00:00-04:00,111.8600006,114.0500031,109.2200012,109.7799988,322060,CL=F,Crude Oil Futures (CL=F)
2022-06-30 00:00:00-04:00,109.6999969,110.4499969,105.0999985,105.7600021,362890,CL=F,Crude Oil Futures (CL=F)
2022-07-01 00:00:00-04:00,106.0100021,109.3399963,104.5599976,108.4300003,305338,CL=F,Crude Oil Futures (CL=F)
2022-07-05 00:00:00-04:00,108.8000031,111.4499969,97.43000031,99.5,594215,CL=F,Crude Oil Futures (CL=F)
2022-07-06 00:00:00-04:00,100.3600006,102.1399994,95.09999847,98.52999878,444106,CL=F,Crude Oil Futures (CL=F)
2022-07-07 00:00:00-04:00,98.22000122,104.4800034,96.56999969,102.7300034,379861,CL=F,Crude Oil Futures (CL=F)
2022-07-08 00:00:00-04:00,102.2200012,105.2399979,101.5100021,104.7900009,327461,CL=F,Crude Oil Futures (CL=F)
2022-07-11 00:00:00-04:00,104.7900009,105.0500031,100.8899994,104.0899963,348566,CL=F,Crude Oil Futures (CL=F)
2022-07-12 00:00:00-04:00,103.4599991,103.4899979,95.34999847,95.83999634,398552,CL=F,Crude Oil Futures (CL=F)
2022-07-13 00:00:00-04:00,95.88999939,97.95999908,93.66999817,96.30000305,347193,CL=F,Crude Oil Futures (CL=F)
2022-07-14 00:00:00-04:00,96.56999969,97,90.55999756,95.77999878,387528,CL=F,Crude Oil Futures (CL=F)
2022-07-15 00:00:00-04:00,96.38999939,99.02999878,94.56999969,97.58999634,240766,CL=F,Crude Oil Futures (CL=F)
2022-07-18 00:00:00-04:00,97.26999664,102.8000031,95.84999847,102.5999985,84669,CL=F,Crude Oil Futures (CL=F)
2022-07-19 00:00:00-04:00,102,104.4599991,99.84999847,104.2200012,63149,CL=F,Crude Oil Futures (CL=F)
2022-07-20 00:00:00-04:00,103.5999985,104.3899994,101.5100021,102.2600021,315620,CL=F,Crude Oil Futures (CL=F)
2022-07-21 00:00:00-04:00,99.91000366,99.98999786,94.58999634,96.34999847,318911,CL=F,Crude Oil Futures (CL=F)
2022-07-22 00:00:00-04:00,96.51000214,97.94999695,94.23000336,94.69999695,307568,CL=F,Crude Oil Futures (CL=F)
2022-07-25 00:00:00-04:00,95.09999847,96.94000244,93.01000214,96.69999695,278998,CL=F,Crude Oil Futures (CL=F)
2022-07-26 00:00:00-04:00,96.33000183,99,94.76000214,94.98000336,310043,CL=F,Crude Oil Futures (CL=F)
2022-07-27 00:00:00-04:00,95.59999847,98.58999634,94.30000305,97.26000214,321903,CL=F,Crude Oil Futures (CL=F)
2022-07-28 00:00:00-04:00,98.16999817,99.83999634,96.04000092,96.41999817,318403,CL=F,Crude Oil Futures (CL=F)
2022-07-29 00:00:00-04:00,97.30000305,101.8799973,96.41000366,98.62000275,349374,CL=F,Crude Oil Futures (CL=F)
2022-08-01 00:00:00-04:00,98.45999908,98.65000153,92.41999817,93.88999939,365293,CL=F,Crude Oil Futures (CL=F)
2022-08-02 00:00:00-04:00,93.75,96.47000122,92.58999634,94.41999817,328538,CL=F,Crude Oil Futures (CL=F)
2022-08-03 00:00:00-04:00,93.83000183,96.56999969,90.37999725,90.66000366,395099,CL=F,Crude Oil Futures (CL=F)
2022-08-04 00:00:00-04:00,90.94999695,91.90000153,87.55000305,88.54000092,334931,CL=F,Crude Oil Futures (CL=F)
2022-08-05 00:00:00-04:00,88.05999756,90.76000214,87.01000214,89.01000214,350016,CL=F,Crude Oil Futures (CL=F)
2022-08-08 00:00:00-04:00,88.45999908,90.88999939,87.22000122,90.76000214,340157,CL=F,Crude Oil Futures (CL=F)
2022-08-09 00:00:00-04:00,90.69000244,92.65000153,89.05000305,90.5,347045,CL=F,Crude Oil Futures (CL=F)
2022-08-10 00:00:00-04:00,90.51000214,92.43000031,87.66000366,91.93000031,383766,CL=F,Crude Oil Futures (CL=F)
2022-08-11 00:00:00-04:00,91.55000305,95.05000305,91.23999786,94.33999634,341234,CL=F,Crude Oil Futures (CL=F)
2022-08-12 00:00:00-04:00,94.08999634,94.80999756,91.16000366,92.08999634,264953,CL=F,Crude Oil Futures (CL=F)
2022-08-15 00:00:00-04:00,91.94000244,92.09999847,86.81999969,89.41000366,275443,CL=F,Crude Oil Futures (CL=F)
2022-08-16 00:00:00-04:00,87.93000031,90.65000153,85.73000336,86.52999878,305366,CL=F,Crude Oil Futures (CL=F)
2022-08-17 00:00:00-04:00,87.09999847,89.16000366,85.87999725,88.11000061,230346,CL=F,Crude Oil Futures (CL=F)
2022-08-18 00:00:00-04:00,87.38999939,91.45999908,87.31999969,90.5,80029,CL=F,Crude Oil Futures (CL=F)
2022-08-19 00:00:00-04:00,90.38999939,92.08999634,88.37999725,90.76999664,58714,CL=F,Crude Oil Futures (CL=F)
2022-08-22 00:00:00-04:00,89.65000153,91.26000214,86.59999847,90.23000336,352665,CL=F,Crude Oil Futures (CL=F)
2022-08-23 00:00:00-04:00,90.55000305,94.22000122,90.41999817,93.73999786,285607,CL=F,Crude Oil Futures (CL=F)
2022-08-24 00:00:00-04:00,93.77999878,95.40000153,92.79000092,94.88999939,320388,CL=F,Crude Oil Futures (CL=F)
2022-08-25 00:00:00-04:00,95.34999847,95.76000214,92.29000092,92.51999664,279877,CL=F,Crude Oil Futures (CL=F)
2022-08-26 00:00:00-04:00,93.05999756,94.01999664,91.08000183,93.05999756,288392,CL=F,Crude Oil Futures (CL=F)
2022-08-29 00:00:00-04:00,92.95999908,97.37000275,92.29000092,97.01000214,283463,CL=F,Crude Oil Futures (CL=F)
2022-08-30 00:00:00-04:00,96.90000153,97.66000366,90.54000092,91.63999939,386272,CL=F,Crude Oil Futures (CL=F)
2022-08-31 00:00:00-04:00,92.30999756,92.73000336,88.26999664,89.55000305,344147,CL=F,Crude Oil Futures (CL=F)
2022-09-01 00:00:00-04:00,88.83000183,89.62999725,85.98000336,86.61000061,305106,CL=F,Crude Oil Futures (CL=F)
2022-09-02 00:00:00-04:00,86.55999756,89.66000366,86.34999847,86.87000275,277533,CL=F,Crude Oil Futures (CL=F)
2022-09-06 00:00:00-04:00,86.83999634,90.38999939,86.18000031,86.87999725,420255,CL=F,Crude Oil Futures (CL=F)
2022-09-07 00:00:00-04:00,86.93000031,87.76000214,81.5,81.94000244,380781,CL=F,Crude Oil Futures (CL=F)
2022-09-08 00:00:00-04:00,81.91000366,84.25,81.19999695,83.54000092,342763,CL=F,Crude Oil Futures (CL=F)
2022-09-09 00:00:00-04:00,82.80000305,87.19999695,82.70999908,86.79000092,305188,CL=F,Crude Oil Futures (CL=F)
2022-09-12 00:00:00-04:00,86.25,89.09999847,85.16000366,87.77999878,275104,CL=F,Crude Oil Futures (CL=F)
2022-09-13 00:00:00-04:00,88.08999634,89.30999756,85.05999756,87.30999756,347998,CL=F,Crude Oil Futures (CL=F)
2022-09-14 00:00:00-04:00,87.94000244,90.19000244,86.18000031,88.48000336,335381,CL=F,Crude Oil Futures (CL=F)
2022-09-15 00:00:00-04:00,88.91000366,89.15000153,84.52999878,85.09999847,235358,CL=F,Crude Oil Futures (CL=F)
2022-09-16 00:00:00-04:00,85.16000366,86.58999634,84.26999664,85.11000061,87829,CL=F,Crude Oil Futures (CL=F)
2022-09-19 00:00:00-04:00,85.20999908,86.22000122,82.09999847,85.73000336,59626,CL=F,Crude Oil Futures (CL=F)
2022-09-20 00:00:00-04:00,85.61000061,86.44999695,83.51999664,84.44999695,279813,CL=F,Crude Oil Futures (CL=F)
2022-09-21 00:00:00-04:00,84.25,86.68000031,82.48999786,82.94000244,339683,CL=F,Crude Oil Futures (CL=F)
2022-09-22 00:00:00-04:00,83.06999969,86,82.40000153,83.48999786,303492,CL=F,Crude Oil Futures (CL=F)
2022-09-23 00:00:00-04:00,83.54000092,83.91999817,78.04000092,78.73999786,334271,CL=F,Crude Oil Futures (CL=F)
2022-09-26 00:00:00-04:00,79.23000336,80.30999756,76.25,76.70999908,280927,CL=F,Crude Oil Futures (CL=F)
2022-09-27 00:00:00-04:00,76.47000122,79.51000214,76.41999817,78.5,283614,CL=F,Crude Oil Futures (CL=F)
2022-09-28 00:00:00-04:00,78.08000183,82.33999634,76.55000305,82.15000153,324678,CL=F,Crude Oil Futures (CL=F)
2022-09-29 00:00:00-04:00,81.90000153,82.94000244,80.33999634,81.23000336,286126,CL=F,Crude Oil Futures (CL=F)
2022-09-30 00:00:00-04:00,81.73999786,82.55999756,79.13999939,79.48999786,253154,CL=F,Crude Oil Futures (CL=F)
2022-10-03 00:00:00-04:00,81.01999664,84.55999756,80.87000275,83.62999725,287168,CL=F,Crude Oil Futures (CL=F)
2022-10-04 00:00:00-04:00,83.22000122,86.98000336,83.22000122,86.51999664,302549,CL=F,Crude Oil Futures (CL=F)
2022-10-05 00:00:00-04:00,86.37000275,88.41999817,85.41999817,87.76000214,329790,CL=F,Crude Oil Futures (CL=F)
2022-10-06 00:00:00-04:00,88.08000183,89.06999969,87.04000092,88.44999695,235296,CL=F,Crude Oil Futures (CL=F)
2022-10-07 00:00:00-04:00,88.93000031,93.30999756,88,92.63999939,429162,CL=F,Crude Oil Futures (CL=F)
2022-10-10 00:00:00-04:00,93.48000336,93.63999939,90.54000092,91.12999725,289508,CL=F,Crude Oil Futures (CL=F)
2022-10-11 00:00:00-04:00,91.13999939,91.34999847,87.91000366,89.34999847,333158,CL=F,Crude Oil Futures (CL=F)
2022-10-12 00:00:00-04:00,88.66999817,90.06999969,86.27999878,87.26999664,332271,CL=F,Crude Oil Futures (CL=F)
2022-10-13 00:00:00-04:00,87.08000183,89.66000366,85.55999756,89.11000061,298032,CL=F,Crude Oil Futures (CL=F)
2022-10-14 00:00:00-04:00,89.26999664,89.73000336,85.19999695,85.61000061,237026,CL=F,Crude Oil Futures (CL=F)
2022-10-17 00:00:00-04:00,85.58999634,87.12000275,84.61000061,85.45999908,172020,CL=F,Crude Oil Futures (CL=F)
2022-10-18 00:00:00-04:00,85.69999695,86.51000214,82.08999634,82.81999969,97304,CL=F,Crude Oil Futures (CL=F)
2022-10-19 00:00:00-04:00,83.69000244,86.19999695,82.58999634,85.55000305,71309,CL=F,Crude Oil Futures (CL=F)
2022-10-20 00:00:00-04:00,85.94000244,88.16999817,85.22000122,85.98000336,338344,CL=F,Crude Oil Futures (CL=F)
2022-10-21 00:00:00-04:00,85.06999969,85.90000153,83.15000153,85.05000305,272803,CL=F,Crude Oil Futures (CL=F)
2022-10-24 00:00:00-04:00,85.23999786,85.91999817,82.62999725,84.58000183,250726,CL=F,Crude Oil Futures (CL=F)
2022-10-25 00:00:00-04:00,84.87999725,86.02999878,83.05999756,85.31999969,240441,CL=F,Crude Oil Futures (CL=F)
2022-10-26 00:00:00-04:00,85.06999969,88.41000366,84.13999939,87.91000366,287182,CL=F,Crude Oil Futures (CL=F)
2022-10-27 00:00:00-04:00,88.26000214,89.79000092,87.33000183,89.08000183,292556,CL=F,Crude Oil Futures (CL=F)
2022-10-28 00:00:00-04:00,88.66999817,88.76000214,87.08000183,87.90000153,263404,CL=F,Crude Oil Futures (CL=F)
2022-10-31 00:00:00-04:00,88.38999939,88.65000153,85.30000305,86.52999878,285342,CL=F,Crude Oil Futures (CL=F)
2022-11-01 00:00:00-04:00,86.43000031,89.44999695,85.91999817,88.37000275,274321,CL=F,Crude Oil Futures (CL=F)
2022-11-02 00:00:00-04:00,88.62000275,90.36000061,87.72000122,90,280961,CL=F,Crude Oil Futures (CL=F)
2022-11-03 00:00:00-04:00,89.34999847,89.66999817,87.59999847,88.16999817,239816,CL=F,Crude Oil Futures (CL=F)
2022-11-04 00:00:00-04:00,87.90000153,92.87000275,87.81999969,92.61000061,354060,CL=F,Crude Oil Futures (CL=F)
2022-11-07 00:00:00-05:00,91,93.73999786,90.40000153,91.79000092,322419,CL=F,Crude Oil Futures (CL=F)
2022-11-08 00:00:00-05:00,91.87000275,92.16999817,88.51999664,88.91000366,344223,CL=F,Crude Oil Futures (CL=F)
2022-11-09 00:00:00-05:00,88.56999969,89.23999786,85.5,85.83000183,388301,CL=F,Crude Oil Futures (CL=F)
2022-11-10 00:00:00-05:00,85.84999847,87.34999847,84.69999695,86.47000122,340007,CL=F,Crude Oil Futures (CL=F)
2022-11-11 00:00:00-05:00,86.26999664,90.09999847,86.18000031,88.95999908,301664,CL=F,Crude Oil Futures (CL=F)
2022-11-14 00:00:00-05:00,89.01999664,89.83999634,85.15000153,85.87000275,315450,CL=F,Crude Oil Futures (CL=F)
2022-11-15 00:00:00-05:00,85.25,88.68000031,84.05999756,86.91999817,331709,CL=F,Crude Oil Futures (CL=F)
2022-11-16 00:00:00-05:00,86.88999939,87.51000214,84.19999695,85.58999634,225668,CL=F,Crude Oil Futures (CL=F)
2022-11-17 00:00:00-05:00,85.22000122,85.44999695,81.40000153,81.63999939,138476,CL=F,Crude Oil Futures (CL=F)
2022-11-18 00:00:00-05:00,82.08999634,82.63999939,77.23999786,80.08000183,96583,CL=F,Crude Oil Futures (CL=F)
2022-11-21 00:00:00-05:00,80.30000305,80.30000305,75.08000183,79.73000336,475104,CL=F,Crude Oil Futures (CL=F)
2022-11-22 00:00:00-05:00,80.22000122,82.36000061,79.84999847,80.94999695,269615,CL=F,Crude Oil Futures (CL=F)
2022-11-23 00:00:00-05:00,81.08000183,81.94999695,76.83000183,77.94000244,379145,CL=F,Crude Oil Futures (CL=F)
2022-11-25 00:00:00-05:00,77.51000214,79.90000153,76.22000122,76.27999878,266451,CL=F,Crude Oil Futures (CL=F)
2022-11-28 00:00:00-05:00,75.93000031,77.83999634,73.59999847,77.23999786,405033,CL=F,Crude Oil Futures (CL=F)
2022-11-29 00:00:00-05:00,76.54000092,79.65000153,76.29000092,78.19999695,381869,CL=F,Crude Oil Futures (CL=F)
2022-11-30 00:00:00-05:00,79,81.37999725,78.40000153,80.55000305,287534,CL=F,Crude Oil Futures (CL=F)
2022-12-01 00:00:00-05:00,80.40000153,83.33999634,79.93000031,81.22000122,321432,CL=F,Crude Oil Futures (CL=F)
2022-12-02 00:00:00-05:00,81.47000122,82.22000122,79.65000153,79.98000336,280235,CL=F,Crude Oil Futures (CL=F)
2022-12-05 00:00:00-05:00,79.98999786,82.72000122,76.76999664,76.93000031,346657,CL=F,Crude Oil Futures (CL=F)
2022-12-06 00:00:00-05:00,77.34999847,77.87999725,73.41000366,74.25,380598,CL=F,Crude Oil Futures (CL=F)
2022-12-07 00:00:00-05:00,74.55000305,75.37999725,71.75,72.01000214,392236,CL=F,Crude Oil Futures (CL=F)
2022-12-08 00:00:00-05:00,72.37999725,75.44000244,71.12000275,71.45999908,474459,CL=F,Crude Oil Futures (CL=F)
2022-12-09 00:00:00-05:00,71.84999847,72.91999817,70.08000183,71.01999664,356722,CL=F,Crude Oil Futures (CL=F)
2022-12-12 00:00:00-05:00,71.79000092,73.98999786,70.25,73.16999817,323553,CL=F,Crude Oil Futures (CL=F)
2022-12-13 00:00:00-05:00,73.29000092,76.37000275,73.20999908,75.38999939,352858,CL=F,Crude Oil Futures (CL=F)
2022-12-14 00:00:00-05:00,75.26999664,77.75,74.90000153,77.27999878,292488,CL=F,Crude Oil Futures (CL=F)
2022-12-15 00:00:00-05:00,77.37000275,77.76999664,75.33000183,76.11000061,224663,CL=F,Crude Oil Futures (CL=F)
2022-12-16 00:00:00-05:00,76.37000275,76.56999969,73.33000183,74.29000092,99205,CL=F,Crude Oil Futures (CL=F)
2022-12-19 00:00:00-05:00,74.5,76.41000366,73.80999756,75.19000244,69348,CL=F,Crude Oil Futures (CL=F)
2022-12-20 00:00:00-05:00,75.69999695,76.75,74.30999756,76.08999634,254792,CL=F,Crude Oil Futures (CL=F)
2022-12-21 00:00:00-05:00,75.98999786,78.61000061,75.80000305,78.29000092,234624,CL=F,Crude Oil Futures (CL=F)
2022-12-22 00:00:00-05:00,78.43000031,79.90000153,77.02999878,77.48999786,219142,CL=F,Crude Oil Futures (CL=F)
2022-12-23 00:00:00-05:00,78.18000031,80.33000183,77.98000336,79.55999756,237711,CL=F,Crude Oil Futures (CL=F)
2022-12-27 00:00:00-05:00,79.90000153,81.18000031,79.16000366,79.52999878,199601,CL=F,Crude Oil Futures (CL=F)
2022-12-28 00:00:00-05:00,79.88999939,79.91999817,77.30000305,78.95999908,207717,CL=F,Crude Oil Futures (CL=F)
2022-12-29 00:00:00-05:00,78.81999969,78.81999969,76.79000092,78.40000153,199858,CL=F,Crude Oil Futures (CL=F)
2022-12-30 00:00:00-05:00,78.73000336,80.66999817,77.70999908,80.26000214,205909,CL=F,Crude Oil Futures (CL=F)
2023-01-03 00:00:00-05:00,80.56999969,81.5,76.59999847,76.93000031,338520,CL=F,Crude Oil Futures (CL=F)
2023-01-04 00:00:00-05:00,77.25,77.41999817,72.73000336,72.83999634,352434,CL=F,Crude Oil Futures (CL=F)
2023-01-05 00:00:00-05:00,73.25,74.91999817,72.45999908,73.66999817,300731,CL=F,Crude Oil Futures (CL=F)
2023-01-06 00:00:00-05:00,73.97000122,75.47000122,73.23999786,73.76999664,258128,CL=F,Crude Oil Futures (CL=F)
2023-01-09 00:00:00-05:00,73.47000122,76.73999786,73.47000122,74.62999725,329290,CL=F,Crude Oil Futures (CL=F)
2023-01-10 00:00:00-05:00,74.86000061,75.91999817,73.83999634,75.12000275,307430,CL=F,Crude Oil Futures (CL=F)
2023-01-11 00:00:00-05:00,74.77999878,77.83999634,74.30999756,77.41000366,350891,CL=F,Crude Oil Futures (CL=F)
2023-01-12 00:00:00-05:00,77.69999695,79.16000366,77.09999847,78.38999939,307705,CL=F,Crude Oil Futures (CL=F)
2023-01-13 00:00:00-05:00,78.31999969,80.11000061,77.97000122,79.86000061,283539,CL=F,Crude Oil Futures (CL=F)
2023-01-17 00:00:00-05:00,80.09999847,81.23000336,78.52999878,80.18000031,312275,CL=F,Crude Oil Futures (CL=F)
2023-01-18 00:00:00-05:00,80.97000122,82.37999725,78.94000244,79.48000336,92549,CL=F,Crude Oil Futures (CL=F)
2023-01-19 00:00:00-05:00,79.13999939,81.18000031,78.12999725,80.33000183,58863,CL=F,Crude Oil Futures (CL=F)
2023-01-20 00:00:00-05:00,80.59999847,81.63999939,79.69000244,81.30999756,300145,CL=F,Crude Oil Futures (CL=F)
2023-01-23 00:00:00-05:00,81.79000092,82.63999939,81.05000305,81.62000275,297076,CL=F,Crude Oil Futures (CL=F)
2023-01-24 00:00:00-05:00,81.62000275,82.22000122,79.66000366,80.12999725,288207,CL=F,Crude Oil Futures (CL=F)
2023-01-25 00:00:00-05:00,80.26000214,81.23000336,79.44999695,80.15000153,297234,CL=F,Crude Oil Futures (CL=F)
2023-01-26 00:00:00-05:00,80.48000336,82.13999939,79.91999817,81.01000214,291060,CL=F,Crude Oil Futures (CL=F)
2023-01-27 00:00:00-05:00,81.22000122,82.48000336,79.04000092,79.68000031,367588,CL=F,Crude Oil Futures (CL=F)
2023-01-30 00:00:00-05:00,80.04000092,80.48999786,77.66000366,77.90000153,327426,CL=F,Crude Oil Futures (CL=F)
2023-01-31 00:00:00-05:00,77.91000366,79.25,76.55000305,78.87000275,312734,CL=F,Crude Oil Futures (CL=F)
2023-02-01 00:00:00-05:00,79.05999756,79.73000336,76.05000305,76.41000366,360859,CL=F,Crude Oil Futures (CL=F)
2023-02-02 00:00:00-05:00,76.79000092,77.23999786,74.97000122,75.87999725,339755,CL=F,Crude Oil Futures (CL=F)
2023-02-03 00:00:00-05:00,75.91999817,78,73.09999847,73.38999939,413414,CL=F,Crude Oil Futures (CL=F)
2023-02-06 00:00:00-05:00,73.23000336,74.51000214,72.25,74.11000061,380028,CL=F,Crude Oil Futures (CL=F)
2023-02-07 00:00:00-05:00,74.56999969,77.59999847,74.34999847,77.13999939,408279,CL=F,Crude Oil Futures (CL=F)
2023-02-08 00:00:00-05:00,77.48999786,78.56999969,77.08000183,78.47000122,353468,CL=F,Crude Oil Futures (CL=F)
2023-02-09 00:00:00-05:00,78.44999695,78.83999634,76.51999664,78.05999756,324156,CL=F,Crude Oil Futures (CL=F)
2023-02-10 00:00:00-05:00,77.68000031,80.33000183,77.47000122,79.72000122,356062,CL=F,Crude Oil Futures (CL=F)
2023-02-13 00:00:00-05:00,79.94000244,80.62000275,78.44999695,80.13999939,301299,CL=F,Crude Oil Futures (CL=F)
2023-02-14 00:00:00-05:00,79.05999756,79.61000061,77.45999908,79.05999756,299938,CL=F,Crude Oil Futures (CL=F)
2023-02-15 00:00:00-05:00,78.83000183,79.15000153,77.25,78.58999634,264486,CL=F,Crude Oil Futures (CL=F)
2023-02-16 00:00:00-05:00,78.54000092,79.54000092,77.91999817,78.48999786,117600,CL=F,Crude Oil Futures (CL=F)
2023-02-17 00:00:00-05:00,78.06999969,78.25,75.05999756,76.33999634,93267,CL=F,Crude Oil Futures (CL=F)
2023-02-21 00:00:00-05:00,76.52999878,77.51000214,75.69000244,76.16000366,402351,CL=F,Crude Oil Futures (CL=F)
2023-02-22 00:00:00-05:00,76.11000061,76.55000305,73.80000305,73.94999695,332018,CL=F,Crude Oil Futures (CL=F)
2023-02-23 00:00:00-05:00,73.91999817,75.98999786,73.83000183,75.38999939,333838,CL=F,Crude Oil Futures (CL=F)
2023-02-24 00:00:00-05:00,75.59999847,76.62999725,74.08999634,76.31999969,329254,CL=F,Crude Oil Futures (CL=F)
2023-02-27 00:00:00-05:00,76.41999817,76.81999969,74.98999786,75.68000031,266091,CL=F,Crude Oil Futures (CL=F)
2023-02-28 00:00:00-05:00,75.76000214,77.83000183,75.55000305,77.05000305,300093,CL=F,Crude Oil Futures (CL=F)
2023-03-01 00:00:00-05:00,76.84999847,77.84999847,76.12000275,77.69000244,342121,CL=F,Crude Oil Futures (CL=F)
2023-03-02 00:00:00-05:00,77.73999786,78.58999634,77.23000336,78.16000366,260331,CL=F,Crude Oil Futures (CL=F)
2023-03-03 00:00:00-05:00,77.88999939,79.90000153,75.83000183,79.68000031,374201,CL=F,Crude Oil Futures (CL=F)
2023-03-06 00:00:00-05:00,79.91999817,80.62999725,78.31999969,80.45999908,292351,CL=F,Crude Oil Futures (CL=F)
2023-03-07 00:00:00-05:00,80.5,80.94000244,77.05999756,77.58000183,398241,CL=F,Crude Oil Futures (CL=F)
2023-03-08 00:00:00-05:00,77.31999969,77.73000336,76.11000061,76.66000366,335930,CL=F,Crude Oil Futures (CL=F)
2023-03-09 00:00:00-05:00,76.5,78.05999756,75.43000031,75.72000122,349960,CL=F,Crude Oil Futures (CL=F)
2023-03-10 00:00:00-05:00,75.65000153,77.11000061,74.76999664,76.68000031,371834,CL=F,Crude Oil Futures (CL=F)
2023-03-13 00:00:00-04:00,76.59999847,77.47000122,72.30000305,74.80000305,457423,CL=F,Crude Oil Futures (CL=F)
2023-03-14 00:00:00-04:00,74.69999695,74.90000153,70.77999878,71.33000183,432858,CL=F,Crude Oil Futures (CL=F)
2023-03-15 00:00:00-04:00,71.55999756,72.55999756,65.65000153,67.61000061,555164,CL=F,Crude Oil Futures (CL=F)
2023-03-16 00:00:00-04:00,68.22000122,69.37999725,65.70999908,68.34999847,327120,CL=F,Crude Oil Futures (CL=F)
2023-03-17 00:00:00-04:00,68.26000214,69.63999939,65.16999817,66.73999786,152255,CL=F,Crude Oil Futures (CL=F)
2023-03-20 00:00:00-04:00,66.62000275,67.69999695,64.12000275,67.63999939,76873,CL=F,Crude Oil Futures (CL=F)
2023-03-21 00:00:00-04:00,67.62000275,69.59999847,66.76999664,69.33000183,409495,CL=F,Crude Oil Futures (CL=F)
2023-03-22 00:00:00-04:00,69.48000336,71.30999756,68.88999939,70.90000153,337639,CL=F,Crude Oil Futures (CL=F)
2023-03-23 00:00:00-04:00,69.94999695,71.66999817,69.13999939,69.95999908,335241,CL=F,Crude Oil Futures (CL=F)
2023-03-24 00:00:00-04:00,69.51000214,70.37999725,66.81999969,69.26000214,380852,CL=F,Crude Oil Futures (CL=F)
2023-03-27 00:00:00-04:00,69.41999817,73.09999847,69.12999725,72.80999756,353598,CL=F,Crude Oil Futures (CL=F)
2023-03-28 00:00:00-04:00,72.86000061,73.93000031,72.19000244,73.19999695,328472,CL=F,Crude Oil Futures (CL=F)
2023-03-29 00:00:00-04:00,73.61000061,74.37000275,72.76000214,72.97000122,312669,CL=F,Crude Oil Futures (CL=F)
2023-03-30 00:00:00-04:00,72.98000336,74.62999725,72.61000061,74.37000275,269743,CL=F,Crude Oil Futures (CL=F)
2023-03-31 00:00:00-04:00,74.37000275,75.72000122,73.76999664,75.66999817,304361,CL=F,Crude Oil Futures (CL=F)
2023-04-03 00:00:00-04:00,80.09999847,81.69000244,79,80.41999817,547126,CL=F,Crude Oil Futures (CL=F)
2023-04-04 00:00:00-04:00,80.44000244,81.80999756,79.61000061,80.70999908,343570,CL=F,Crude Oil Futures (CL=F)
2023-04-05 00:00:00-04:00,81.01000214,81.23999786,79.72000122,80.61000061,254974,CL=F,Crude Oil Futures (CL=F)
2023-04-06 00:00:00-04:00,80.37000275,80.95999908,79.65000153,80.69999695,0,CL=F,Crude Oil Futures (CL=F)
2023-04-10 00:00:00-04:00,80.5,81.22000122,79.61000061,79.73999786,264906,CL=F,Crude Oil Futures (CL=F)
2023-04-11 00:00:00-04:00,79.87999725,81.58999634,79.37000275,81.52999878,309683,CL=F,Crude Oil Futures (CL=F)
2023-04-12 00:00:00-04:00,81.44000244,83.52999878,81.27999878,83.26000214,356133,CL=F,Crude Oil Futures (CL=F)
2023-04-13 00:00:00-04:00,83.22000122,83.44000244,82.11000061,82.16000366,261230,CL=F,Crude Oil Futures (CL=F)
2023-04-14 00:00:00-04:00,82.40000153,83.12000275,81.76000214,82.51999664,275129,CL=F,Crude Oil Futures (CL=F)
2023-04-17 00:00:00-04:00,82.48000336,82.70999908,80.47000122,80.83000183,217048,CL=F,Crude Oil Futures (CL=F)
2023-04-18 00:00:00-04:00,81,81.48000336,79.87000275,80.86000061,96290,CL=F,Crude Oil Futures (CL=F)
2023-04-19 00:00:00-04:00,80.91999817,81.18000031,78.45999908,79.16000366,78310,CL=F,Crude Oil Futures (CL=F)
2023-04-20 00:00:00-04:00,78.87000275,78.88999939,76.97000122,77.29000092,361413,CL=F,Crude Oil Futures (CL=F)
2023-04-21 00:00:00-04:00,77.12999725,78.38999939,76.72000122,77.87000275,291114,CL=F,Crude Oil Futures (CL=F)
2023-04-24 00:00:00-04:00,77.97000122,79.18000031,76.72000122,78.76000214,306720,CL=F,Crude Oil Futures (CL=F)
2023-04-25 00:00:00-04:00,78.73999786,79.06999969,76.5,77.06999969,361646,CL=F,Crude Oil Futures (CL=F)
2023-04-26 00:00:00-04:00,77.08000183,77.93000031,74.05000305,74.30000305,497778,CL=F,Crude Oil Futures (CL=F)
2023-04-27 00:00:00-04:00,74.37999725,75.27999878,74.02999878,74.76000214,345880,CL=F,Crude Oil Futures (CL=F)
2023-04-28 00:00:00-04:00,74.91000366,76.91999817,73.93000031,76.77999878,328399,CL=F,Crude Oil Futures (CL=F)
2023-05-01 00:00:00-04:00,76.66000366,76.69000244,74.52999878,75.66000366,215017,CL=F,Crude Oil Futures (CL=F)
2023-05-02 00:00:00-04:00,75.76000214,76.11000061,71.41999817,71.66000366,417820,CL=F,Crude Oil Futures (CL=F)
2023-05-03 00:00:00-04:00,71.55999756,71.79000092,67.94999695,68.59999847,490523,CL=F,Crude Oil Futures (CL=F)
2023-05-04 00:00:00-04:00,68.16000366,69.83999634,63.63999939,68.55999756,412495,CL=F,Crude Oil Futures (CL=F)
2023-05-05 00:00:00-04:00,68.69999695,71.80999756,68.48000336,71.33999634,330585,CL=F,Crude Oil Futures (CL=F)
2023-05-08 00:00:00-04:00,71.34999847,73.69000244,71.04000092,73.16000366,290076,CL=F,Crude Oil Futures (CL=F)
2023-05-09 00:00:00-04:00,72.83999634,73.77999878,71.33999634,73.70999908,317493,CL=F,Crude Oil Futures (CL=F)
2023-05-10 00:00:00-04:00,73.58000183,73.88999939,71.80000305,72.55999756,351506,CL=F,Crude Oil Futures (CL=F)
2023-05-11 00:00:00-04:00,72.76999664,73.5,70.62999725,70.87000275,365892,CL=F,Crude Oil Futures (CL=F)
2023-05-12 00:00:00-04:00,71.41999817,71.77999878,69.93000031,70.04000092,275435,CL=F,Crude Oil Futures (CL=F)
2023-05-15 00:00:00-04:00,70.04000092,71.69000244,69.41000366,71.11000061,259013,CL=F,Crude Oil Futures (CL=F)
2023-05-16 00:00:00-04:00,71.31999969,71.79000092,70.44999695,70.86000061,232328,CL=F,Crude Oil Futures (CL=F)
2023-05-17 00:00:00-04:00,70.59999847,73.26000214,70.04000092,72.83000183,273708,CL=F,Crude Oil Futures (CL=F)
2023-05-18 00:00:00-04:00,72.75,72.87000275,71.41999817,71.86000061,80864,CL=F,Crude Oil Futures (CL=F)
2023-05-19 00:00:00-04:00,71.94000244,73.40000153,71.02999878,71.55000305,69949,CL=F,Crude Oil Futures (CL=F)
2023-05-22 00:00:00-04:00,71.69999695,72.36000061,70.55000305,71.98999786,263977,CL=F,Crude Oil Futures (CL=F)
2023-05-23 00:00:00-04:00,72.09999847,73.79000092,71.70999908,72.91000366,317586,CL=F,Crude Oil Futures (CL=F)
2023-05-24 00:00:00-04:00,73.76999664,74.73000336,73.12999725,74.33999634,386611,CL=F,Crude Oil Futures (CL=F)
2023-05-25 00:00:00-04:00,74.20999908,74.37000275,70.98000336,71.83000183,422637,CL=F,Crude Oil Futures (CL=F)
2023-05-26 00:00:00-04:00,71.88999939,73.05000305,71.48999786,72.66999817,261498,CL=F,Crude Oil Futures (CL=F)
2023-05-30 00:00:00-04:00,73.23000336,73.55000305,69.01999664,69.45999908,440862,CL=F,Crude Oil Futures (CL=F)
2023-05-31 00:00:00-04:00,69.62000275,69.69000244,67.02999878,68.08999634,444787,CL=F,Crude Oil Futures (CL=F)
2023-06-01 00:00:00-04:00,67.59999847,71.06999969,67.51000214,70.09999847,395393,CL=F,Crude Oil Futures (CL=F)
2023-06-02 00:00:00-04:00,70.20999908,72.16999817,70,71.73999786,322596,CL=F,Crude Oil Futures (CL=F)
2023-06-05 00:00:00-04:00,75.02999878,75.05999756,71.73000336,72.15000153,383943,CL=F,Crude Oil Futures (CL=F)
2023-06-06 00:00:00-04:00,71.98999786,72.33000183,70.12999725,71.73999786,314962,CL=F,Crude Oil Futures (CL=F)
2023-06-07 00:00:00-04:00,71.55999756,73.19000244,71.01000214,72.52999878,299127,CL=F,Crude Oil Futures (CL=F)
2023-06-08 00:00:00-04:00,72.47000122,73.27999878,69.02999878,71.29000092,485396,CL=F,Crude Oil Futures (CL=F)
2023-06-09 00:00:00-04:00,70.94000244,71.76999664,70.09999847,70.16999817,300724,CL=F,Crude Oil Futures (CL=F)
2023-06-12 00:00:00-04:00,70.26999664,70.33000183,66.80000305,67.12000275,404769,CL=F,Crude Oil Futures (CL=F)
2023-06-13 00:00:00-04:00,67.30999756,69.83000183,67.15000153,69.41999817,366354,CL=F,Crude Oil Futures (CL=F)
2023-06-14 00:00:00-04:00,69.34999847,70.48999786,68.06999969,68.26999664,304449,CL=F,Crude Oil Futures (CL=F)
2023-06-15 00:00:00-04:00,68.69999695,70.95999908,67.97000122,70.62000275,115613,CL=F,Crude Oil Futures (CL=F)
2023-06-16 00:00:00-04:00,70.55000305,71.88999939,69.94999695,71.77999878,99185,CL=F,Crude Oil Futures (CL=F)
2023-06-20 00:00:00-04:00,71.44999695,72.08999634,69.65000153,70.5,430492,CL=F,Crude Oil Futures (CL=F)
2023-06-21 00:00:00-04:00,70.90000153,72.72000122,70.80000305,72.52999878,264656,CL=F,Crude Oil Futures (CL=F)
2023-06-22 00:00:00-04:00,72.43000031,72.65000153,68.93000031,69.51000214,421348,CL=F,Crude Oil Futures (CL=F)
2023-06-23 00:00:00-04:00,69.52999878,69.65000153,67.34999847,69.16000366,322475,CL=F,Crude Oil Futures (CL=F)
2023-06-26 00:00:00-04:00,69.83999634,70.11000061,68.70999908,69.37000275,280116,CL=F,Crude Oil Futures (CL=F)
2023-06-27 00:00:00-04:00,69.48999786,70.15000153,67.5,67.69999695,384752,CL=F,Crude Oil Futures (CL=F)
2023-06-28 00:00:00-04:00,68.01000214,69.73000336,67.05000305,69.55999756,368295,CL=F,Crude Oil Futures (CL=F)
2023-06-29 00:00:00-04:00,69.25,70.59999847,68.93000031,69.86000061,292865,CL=F,Crude Oil Futures (CL=F)
2023-06-30 00:00:00-04:00,69.81999969,71.04000092,69.52999878,70.63999939,299873,CL=F,Crude Oil Futures (CL=F)
2023-07-03 00:00:00-04:00,70.44999695,71.76999664,69.69000244,69.79000092,303479,CL=F,Crude Oil Futures (CL=F)
2023-07-05 00:00:00-04:00,70.15000153,72.16999817,69.90000153,71.79000092,456809,CL=F,Crude Oil Futures (CL=F)
2023-07-06 00:00:00-04:00,71.80000305,72.33999634,70.22000122,71.80000305,395381,CL=F,Crude Oil Futures (CL=F)
2023-07-07 00:00:00-04:00,71.88999939,73.91999817,71.19000244,73.86000061,362632,CL=F,Crude Oil Futures (CL=F)
2023-07-10 00:00:00-04:00,73.86000061,74.15000153,72.66999817,72.98999786,301014,CL=F,Crude Oil Futures (CL=F)
2023-07-11 00:00:00-04:00,73.19000244,74.95999908,72.98000336,74.83000183,326883,CL=F,Crude Oil Futures (CL=F)
2023-07-12 00:00:00-04:00,74.83000183,76.15000153,74.66999817,75.75,352887,CL=F,Crude Oil Futures (CL=F)
2023-07-13 00:00:00-04:00,75.84999847,77.33000183,75.31999969,76.88999939,379728,CL=F,Crude Oil Futures (CL=F)
2023-07-14 00:00:00-04:00,77.16000366,77.30000305,75.11000061,75.41999817,299576,CL=F,Crude Oil Futures (CL=F)
2023-07-17 00:00:00-04:00,75.01999664,76.08999634,73.83999634,74.15000153,244785,CL=F,Crude Oil Futures (CL=F)
2023-07-18 00:00:00-04:00,74.18000031,75.95999908,73.87999725,75.75,125092,CL=F,Crude Oil Futures (CL=F)
2023-07-19 00:00:00-04:00,75.83999634,76.97000122,75.06999969,75.34999847,92920,CL=F,Crude Oil Futures (CL=F)
2023-07-20 00:00:00-04:00,75.34999847,76.15000153,74.72000122,75.62999725,340962,CL=F,Crude Oil Futures (CL=F)
2023-07-21 00:00:00-04:00,75.69999695,77.29000092,75.69000244,77.06999969,308106,CL=F,Crude Oil Futures (CL=F)
2023-07-24 00:00:00-04:00,77.01000214,79.27999878,76.44000244,78.73999786,368285,CL=F,Crude Oil Futures (CL=F)
2023-07-25 00:00:00-04:00,78.84999847,79.90000153,78.29000092,79.62999725,349600,CL=F,Crude Oil Futures (CL=F)
2023-07-26 00:00:00-04:00,79.33999634,79.76999664,78.55000305,78.77999878,322031,CL=F,Crude Oil Futures (CL=F)
2023-07-27 00:00:00-04:00,78.90000153,80.59999847,78.87000275,80.08999634,374358,CL=F,Crude Oil Futures (CL=F)
2023-07-28 00:00:00-04:00,79.83999634,80.70999908,79.06999969,80.58000183,299547,CL=F,Crude Oil Futures (CL=F)
2023-07-31 00:00:00-04:00,80.65000153,82,80.12999725,81.80000305,297270,CL=F,Crude Oil Futures (CL=F)
2023-08-01 00:00:00-04:00,81.73000336,82.22000122,80.58999634,81.37000275,307859,CL=F,Crude Oil Futures (CL=F)
2023-08-02 00:00:00-04:00,82.05000305,82.43000031,79.05000305,79.48999786,414825,CL=F,Crude Oil Futures (CL=F)
2023-08-03 00:00:00-04:00,79.76999664,81.86000061,78.69000244,81.55000305,402641,CL=F,Crude Oil Futures (CL=F)
2023-08-04 00:00:00-04:00,81.73000336,83.23999786,81.51000214,82.81999969,320873,CL=F,Crude Oil Futures (CL=F)
2023-08-07 00:00:00-04:00,82.81999969,83.30000305,81.51999664,81.94000244,293036,CL=F,Crude Oil Futures (CL=F)
2023-08-08 00:00:00-04:00,82.52999878,83.08000183,79.90000153,82.91999817,424545,CL=F,Crude Oil Futures (CL=F)
2023-08-09 00:00:00-04:00,82.87999725,84.65000153,82.66999817,84.40000153,478140,CL=F,Crude Oil Futures (CL=F)
2023-08-10 00:00:00-04:00,84.25,84.88999939,82.58000183,82.81999969,362188,CL=F,Crude Oil Futures (CL=F)
2023-08-11 00:00:00-04:00,82.83000183,83.80999756,82.23000336,83.19000244,331254,CL=F,Crude Oil Futures (CL=F)
2023-08-14 00:00:00-04:00,83.08999634,83.19999695,81.76000214,82.51000214,277352,CL=F,Crude Oil Futures (CL=F)
2023-08-15 00:00:00-04:00,82.51999664,82.91000366,80.40000153,80.98999786,303207,CL=F,Crude Oil Futures (CL=F)
2023-08-16 00:00:00-04:00,81.23000336,81.43000031,79.05000305,79.37999725,325403,CL=F,Crude Oil Futures (CL=F)
2023-08-17 00:00:00-04:00,79.25,81.08000183,78.94999695,80.38999939,235581,CL=F,Crude Oil Futures (CL=F)
2023-08-18 00:00:00-04:00,80.04000092,81.61000061,79.58999634,81.25,128090,CL=F,Crude Oil Futures (CL=F)
2023-08-21 00:00:00-04:00,81.43000031,82.47000122,80.61000061,80.72000122,115874,CL=F,Crude Oil Futures (CL=F)
2023-08-22 00:00:00-04:00,80.80000305,80.98999786,80.09999847,80.34999847,287489,CL=F,Crude Oil Futures (CL=F)
2023-08-23 00:00:00-04:00,79.63999939,79.91000366,77.62000275,78.88999939,378146,CL=F,Crude Oil Futures (CL=F)
2023-08-24 00:00:00-04:00,78.56999969,79.27999878,77.58999634,79.05000305,349230,CL=F,Crude Oil Futures (CL=F)
2023-08-25 00:00:00-04:00,78.87999725,80.44999695,78.13999939,79.83000183,411409,CL=F,Crude Oil Futures (CL=F)
2023-08-28 00:00:00-04:00,80.15000153,80.87000275,79.61000061,80.09999847,246584,CL=F,Crude Oil Futures (CL=F)
2023-08-29 00:00:00-04:00,79.98000336,81.41000366,79.33999634,81.16000366,284168,CL=F,Crude Oil Futures (CL=F)
2023-08-30 00:00:00-04:00,81.29000092,82.05000305,80.87999725,81.62999725,299418,CL=F,Crude Oil Futures (CL=F)
2023-08-31 00:00:00-04:00,81.69999695,83.69000244,81.48000336,83.62999725,368848,CL=F,Crude Oil Futures (CL=F)
2023-09-01 00:00:00-04:00,83.62999725,86.05999756,83.45999908,85.55000305,420461,CL=F,Crude Oil Futures (CL=F)
2023-09-05 00:00:00-04:00,86.05999756,88.06999969,85.01999664,86.69000244,452908,CL=F,Crude Oil Futures (CL=F)
2023-09-06 00:00:00-04:00,86.72000122,88.08000183,85.93000031,87.54000092,307115,CL=F,Crude Oil Futures (CL=F)
2023-09-07 00:00:00-04:00,87.54000092,87.73999786,86.38999939,86.87000275,270736,CL=F,Crude Oil Futures (CL=F)
2023-09-08 00:00:00-04:00,86.77999878,87.94999695,86.15000153,87.51000214,294437,CL=F,Crude Oil Futures (CL=F)
2023-09-11 00:00:00-04:00,87.40000153,88.15000153,86.70999908,87.29000092,292388,CL=F,Crude Oil Futures (CL=F)
2023-09-12 00:00:00-04:00,87.26999664,89.37000275,87.22000122,88.83999634,341137,CL=F,Crude Oil Futures (CL=F)
2023-09-13 00:00:00-04:00,88.75,89.63999939,88.29000092,88.51999664,345972,CL=F,Crude Oil Futures (CL=F)
2023-09-14 00:00:00-04:00,88.80999756,90.79000092,88.68000031,90.16000366,325270,CL=F,Crude Oil Futures (CL=F)
2023-09-15 00:00:00-04:00,90.66999817,91.23000336,89.22000122,90.76999664,315003,CL=F,Crude Oil Futures (CL=F)
2023-09-18 00:00:00-04:00,91.19999695,92.43000031,90.75,91.48000336,119258,CL=F,Crude Oil Futures (CL=F)
2023-09-19 00:00:00-04:00,92.22000122,93.73999786,91.06999969,91.19999695,94597,CL=F,Crude Oil Futures (CL=F)
2023-09-20 00:00:00-04:00,91.55000305,91.98000336,89.87000275,90.27999878,457854,CL=F,Crude Oil Futures (CL=F)
2023-09-21 00:00:00-04:00,89.30000305,90.98000336,88.37000275,89.62999725,351032,CL=F,Crude Oil Futures (CL=F)
2023-09-22 00:00:00-04:00,89.62000275,91.33000183,89.30999756,90.02999878,402087,CL=F,Crude Oil Futures (CL=F)
2023-09-25 00:00:00-04:00,90.55000305,90.83000183,89.02999878,89.68000031,328369,CL=F,Crude Oil Futures (CL=F)
2023-09-26 00:00:00-04:00,89.87999725,90.73999786,88.19000244,90.38999939,318016,CL=F,Crude Oil Futures (CL=F)
2023-09-27 00:00:00-04:00,90.52999878,94.16999817,90.40000153,93.68000031,504630,CL=F,Crude Oil Futures (CL=F)
2023-09-28 00:00:00-04:00,93.77999878,95.02999878,91.38999939,91.70999908,406709,CL=F,Crude Oil Futures (CL=F)
2023-09-29 00:00:00-04:00,91.76000214,93.09999847,90.34999847,90.79000092,355782,CL=F,Crude Oil Futures (CL=F)
2023-10-02 00:00:00-04:00,90.81999969,91.87999725,88.45999908,88.81999969,334493,CL=F,Crude Oil Futures (CL=F)
2023-10-03 00:00:00-04:00,88.66999817,90.26999664,87.76000214,89.23000336,350659,CL=F,Crude Oil Futures (CL=F)
2023-10-04 00:00:00-04:00,89.41999817,89.58999634,84.16000366,84.22000122,459995,CL=F,Crude Oil Futures (CL=F)
2023-10-05 00:00:00-04:00,84.44999695,84.91999817,82.15000153,82.30999756,465997,CL=F,Crude Oil Futures (CL=F)
2023-10-06 00:00:00-04:00,82.27999878,83.27999878,81.5,82.79000092,461139,CL=F,Crude Oil Futures (CL=F)
2023-10-09 00:00:00-04:00,85.25,87.23999786,84.66999817,86.37999725,435037,CL=F,Crude Oil Futures (CL=F)
2023-10-10 00:00:00-04:00,86.43000031,86.73999786,85.12000275,85.97000122,337654,CL=F,Crude Oil Futures (CL=F)
2023-10-11 00:00:00-04:00,85.95999908,86.51000214,83.11000061,83.48999786,425395,CL=F,Crude Oil Futures (CL=F)
2023-10-12 00:00:00-04:00,83.19999695,85.19999695,82.30999756,82.91000366,373492,CL=F,Crude Oil Futures (CL=F)
2023-10-13 00:00:00-04:00,83.51000214,87.83000183,83.34999847,87.69000244,356863,CL=F,Crude Oil Futures (CL=F)
2023-10-16 00:00:00-04:00,87.72000122,88.33000183,86.31999969,86.66000366,235780,CL=F,Crude Oil Futures (CL=F)
2023-10-17 00:00:00-04:00,87.05999756,87.75,85.59999847,86.66000366,197124,CL=F,Crude Oil Futures (CL=F)
2023-10-18 00:00:00-04:00,87.80999756,89.87999725,87.19999695,88.31999969,92797,CL=F,Crude Oil Futures (CL=F)
2023-10-19 00:00:00-04:00,88.23999786,90.68000031,86.59999847,89.37000275,72058,CL=F,Crude Oil Futures (CL=F)
2023-10-20 00:00:00-04:00,90.27999878,90.77999878,88.33000183,88.75,311917,CL=F,Crude Oil Futures (CL=F)
2023-10-23 00:00:00-04:00,88,88.29000092,85.34999847,85.48999786,315517,CL=F,Crude Oil Futures (CL=F)
2023-10-24 00:00:00-04:00,86.15000153,86.30000305,82.94000244,83.73999786,370591,CL=F,Crude Oil Futures (CL=F)
2023-10-25 00:00:00-04:00,83.69000244,85.55999756,82.08000183,85.38999939,429459,CL=F,Crude Oil Futures (CL=F)
2023-10-26 00:00:00-04:00,85.37000275,85.58999634,82.55999756,83.20999908,341792,CL=F,Crude Oil Futures (CL=F)
2023-10-27 00:00:00-04:00,83.52999878,85.90000153,83.09999847,85.54000092,333760,CL=F,Crude Oil Futures (CL=F)
2023-10-30 00:00:00-04:00,85,85.30000305,81.81999969,82.30999756,356928,CL=F,Crude Oil Futures (CL=F)
2023-10-31 00:00:00-04:00,82.58999634,83.37000275,80.73999786,81.01999664,346007,CL=F,Crude Oil Futures (CL=F)
2023-11-01 00:00:00-04:00,81.48000336,83.41999817,80.30000305,80.44000244,321592,CL=F,Crude Oil Futures (CL=F)
2023-11-02 00:00:00-04:00,80.81999969,82.83000183,80.22000122,82.45999908,307122,CL=F,Crude Oil Futures (CL=F)
2023-11-03 00:00:00-04:00,82.58000183,83.59999847,80.09999847,80.51000214,457281,CL=F,Crude Oil Futures (CL=F)
2023-11-06 00:00:00-05:00,81.12999725,82.23999786,80.66000366,80.81999969,271131,CL=F,Crude Oil Futures (CL=F)
2023-11-07 00:00:00-05:00,80.93000031,81.05000305,77.08999634,77.37000275,396289,CL=F,Crude Oil Futures (CL=F)
2023-11-08 00:00:00-05:00,77.12000275,77.52999878,74.91000366,75.33000183,429647,CL=F,Crude Oil Futures (CL=F)
2023-11-09 00:00:00-05:00,75.65000153,77.16000366,75.20999908,75.73999786,303430,CL=F,Crude Oil Futures (CL=F)
2023-11-10 00:00:00-05:00,75.58999634,77.73000336,75.30999756,77.16999817,266998,CL=F,Crude Oil Futures (CL=F)
2023-11-13 00:00:00-05:00,77.15000153,78.63999939,76.20999908,78.26000214,262903,CL=F,Crude Oil Futures (CL=F)
2023-11-14 00:00:00-05:00,78.52999878,79.76999664,77.79000092,78.26000214,263002,CL=F,Crude Oil Futures (CL=F)
2023-11-15 00:00:00-05:00,78.16999817,78.76999664,76.30999756,76.66000366,282301,CL=F,Crude Oil Futures (CL=F)
2023-11-16 00:00:00-05:00,76.59999847,76.62999725,72.16000366,72.90000153,125165,CL=F,Crude Oil Futures (CL=F)
2023-11-17 00:00:00-05:00,72.97000122,75.98999786,72.75,75.88999939,101484,CL=F,Crude Oil Futures (CL=F)
2023-11-20 00:00:00-05:00,75.65000153,78.22000122,75.65000153,77.59999847,270638,CL=F,Crude Oil Futures (CL=F)
2023-11-21 00:00:00-05:00,77.65000153,77.91999817,76.91999817,77.76999664,238629,CL=F,Crude Oil Futures (CL=F)
2023-11-22 00:00:00-05:00,77.76999664,77.97000122,73.79000092,77.09999847,389325,CL=F,Crude Oil Futures (CL=F)
2023-11-24 00:00:00-05:00,76.79000092,77.08999634,75.06999969,75.54000092,281147,CL=F,Crude Oil Futures (CL=F)
2023-11-27 00:00:00-05:00,75.30999756,76.23000336,74.05999756,74.86000061,289562,CL=F,Crude Oil Futures (CL=F)
2023-11-28 00:00:00-05:00,75.06999969,77.01999664,74.63999939,76.41000366,286618,CL=F,Crude Oil Futures (CL=F)
2023-11-29 00:00:00-05:00,76.55999756,78.08999634,75.66999817,77.86000061,322170,CL=F,Crude Oil Futures (CL=F)
2023-11-30 00:00:00-05:00,77.75,79.59999847,75.05000305,75.95999908,559169,CL=F,Crude Oil Futures (CL=F)
2023-12-01 00:00:00-05:00,75.58999634,76.76000214,73.93000031,74.06999969,358976,CL=F,Crude Oil Futures (CL=F)
2023-12-04 00:00:00-05:00,74.58000183,75.02999878,72.62999725,73.04000092,388832,CL=F,Crude Oil Futures (CL=F)
2023-12-05 00:00:00-05:00,73.30000305,74.12000275,72.01999664,72.31999969,358703,CL=F,Crude Oil Futures (CL=F)
2023-12-06 00:00:00-05:00,72.09999847,72.59999847,69.11000061,69.37999725,436803,CL=F,Crude Oil Futures (CL=F)
2023-12-07 00:00:00-05:00,69.27999878,70.48000336,68.80000305,69.33999634,339000,CL=F,Crude Oil Futures (CL=F)
2023-12-08 00:00:00-05:00,69.76000214,71.62999725,69.5,71.23000336,302250,CL=F,Crude Oil Futures (CL=F)
2023-12-11 00:00:00-05:00,71.15000153,71.80999756,70.34999847,71.31999969,274414,CL=F,Crude Oil Futures (CL=F)
2023-12-12 00:00:00-05:00,71.43000031,71.95999908,68.22000122,68.61000061,324530,CL=F,Crude Oil Futures (CL=F)
2023-12-13 00:00:00-05:00,68.73000336,69.88999939,67.70999908,69.47000122,306996,CL=F,Crude Oil Futures (CL=F)
2023-12-14 00:00:00-05:00,69.84999847,72.45999908,69.54000092,71.58000183,275688,CL=F,Crude Oil Futures (CL=F)
2023-12-15 00:00:00-05:00,71.61000061,72.22000122,70.30000305,71.43000031,95513,CL=F,Crude Oil Futures (CL=F)
2023-12-18 00:00:00-05:00,71.68000031,74.26000214,70.63999939,72.47000122,73941,CL=F,Crude Oil Futures (CL=F)
2023-12-19 00:00:00-05:00,72.48000336,74.01000214,71.84999847,73.44000244,230042,CL=F,Crude Oil Futures (CL=F)
2023-12-20 00:00:00-05:00,74.05999756,75.37000275,73.59999847,74.22000122,273364,CL=F,Crude Oil Futures (CL=F)
2023-12-21 00:00:00-05:00,73.80999756,74.58000183,72.44000244,73.88999939,251982,CL=F,Crude Oil Futures (CL=F)
2023-12-22 00:00:00-05:00,73.91000366,74.98000336,73.38999939,73.55999756,222600,CL=F,Crude Oil Futures (CL=F)
2023-12-26 00:00:00-05:00,73.55999756,76.18000031,73.12999725,75.56999969,208715,CL=F,Crude Oil Futures (CL=F)
2023-12-27 00:00:00-05:00,75.31999969,75.66000366,73.76999664,74.11000061,253323,CL=F,Crude Oil Futures (CL=F)
2023-12-28 00:00:00-05:00,73.80000305,74.40000153,71.72000122,71.76999664,262748,CL=F,Crude Oil Futures (CL=F)
2023-12-29 00:00:00-05:00,71.98999786,72.62000275,71.25,71.65000153,214486,CL=F,Crude Oil Futures (CL=F)
2024-01-02 00:00:00-05:00,71.70999908,73.63999939,70.05999756,70.37999725,330992,CL=F,Crude Oil Futures (CL=F)
2024-01-03 00:00:00-05:00,70.5,73.23000336,69.27999878,72.69999695,334861,CL=F,Crude Oil Futures (CL=F)
2024-01-04 00:00:00-05:00,73.04000092,74,71.05999756,72.19000244,344467,CL=F,Crude Oil Futures (CL=F)
2024-01-05 00:00:00-05:00,72.40000153,74.23999786,72.20999908,73.80999756,325525,CL=F,Crude Oil Futures (CL=F)
2024-01-08 00:00:00-05:00,73.51000214,73.94999695,70.12999725,70.76999664,392249,CL=F,Crude Oil Futures (CL=F)
2024-01-09 00:00:00-05:00,70.91000366,72.93000031,70.47000122,72.23999786,363445,CL=F,Crude Oil Futures (CL=F)
2024-01-10 00:00:00-05:00,72.16999817,73.58999634,71.01000214,71.37000275,352772,CL=F,Crude Oil Futures (CL=F)
2024-01-11 00:00:00-05:00,71.33000183,73.80999756,71.16999817,72.01999664,373645,CL=F,Crude Oil Futures (CL=F)
2024-01-12 00:00:00-05:00,73.01000214,75.25,72.36000061,72.68000031,403636,CL=F,Crude Oil Futures (CL=F)
2024-01-16 00:00:00-05:00,72.62999725,73.55999756,71.23000336,72.40000153,430437,CL=F,Crude Oil Futures (CL=F)
2024-01-17 00:00:00-05:00,72,72.94999695,70.5,72.55999756,315679,CL=F,Crude Oil Futures (CL=F)
2024-01-18 00:00:00-05:00,72.77999878,74.37999725,72.18000031,74.08000183,86646,CL=F,Crude Oil Futures (CL=F)
2024-01-19 00:00:00-05:00,74.08000183,74.91000366,73.19999695,73.41000366,78234,CL=F,Crude Oil Futures (CL=F)
2024-01-22 00:00:00-05:00,73.41000366,75.75,72.88999939,75.19000244,372284,CL=F,Crude Oil Futures (CL=F)
2024-01-23 00:00:00-05:00,74.68000031,75.25,73.41000366,74.37000275,306060,CL=F,Crude Oil Futures (CL=F)
2024-01-24 00:00:00-05:00,74.56999969,75.83000183,73.94000244,75.08999634,323726,CL=F,Crude Oil Futures (CL=F)
2024-01-25 00:00:00-05:00,75.30000305,77.51000214,75.16000366,77.36000061,320177,CL=F,Crude Oil Futures (CL=F)
2024-01-26 00:00:00-05:00,77.15000153,78.26000214,76.05999756,78.01000214,365456,CL=F,Crude Oil Futures (CL=F)
2024-01-29 00:00:00-05:00,78.90000153,79.29000092,76.41000366,76.77999878,331925,CL=F,Crude Oil Futures (CL=F)
2024-01-30 00:00:00-05:00,77.01999664,78.13999939,75.84999847,77.81999969,347242,CL=F,Crude Oil Futures (CL=F)
2024-01-31 00:00:00-05:00,77.83999634,78.11000061,75.51999664,75.84999847,344493,CL=F,Crude Oil Futures (CL=F)
2024-02-01 00:00:00-05:00,75.95999908,76.94999695,73.69999695,73.81999969,577936,CL=F,Crude Oil Futures (CL=F)
2024-02-02 00:00:00-05:00,73.91000366,74.51999664,71.79000092,72.27999878,467768,CL=F,Crude Oil Futures (CL=F)
2024-02-05 00:00:00-05:00,72.75,73.27999878,71.41000366,72.77999878,350843,CL=F,Crude Oil Futures (CL=F)
2024-02-06 00:00:00-05:00,72.76000214,73.81999969,72.37999725,73.30999756,310955,CL=F,Crude Oil Futures (CL=F)
2024-02-07 00:00:00-05:00,73.5,74.22000122,73.23000336,73.86000061,294955,CL=F,Crude Oil Futures (CL=F)
2024-02-08 00:00:00-05:00,74.08000183,76.58999634,73.55999756,76.22000122,377906,CL=F,Crude Oil Futures (CL=F)
2024-02-09 00:00:00-05:00,76.41999817,77.29000092,75.93000031,76.83999634,302612,CL=F,Crude Oil Futures (CL=F)
2024-02-12 00:00:00-05:00,76.59999847,77.08999634,75.54000092,76.91999817,248476,CL=F,Crude Oil Futures (CL=F)
2024-02-13 00:00:00-05:00,77.02999878,78.47000122,76.87000275,77.87000275,338174,CL=F,Crude Oil Futures (CL=F)
2024-02-14 00:00:00-05:00,77.80999756,78.76999664,76.37999725,76.63999939,296131,CL=F,Crude Oil Futures (CL=F)
2024-02-15 00:00:00-05:00,76.59999847,78.44000244,75.77999878,78.02999878,122432,CL=F,Crude Oil Futures (CL=F)
2024-02-16 00:00:00-05:00,78.11000061,79.34999847,77.22000122,79.19000244,113713,CL=F,Crude Oil Futures (CL=F)
2024-02-20 00:00:00-05:00,78.98000336,79.80000305,77.66999817,78.18000031,435235,CL=F,Crude Oil Futures (CL=F)
2024-02-21 00:00:00-05:00,77.15000153,78.08000183,76.31999969,77.91000366,323243,CL=F,Crude Oil Futures (CL=F)
2024-02-22 00:00:00-05:00,78.08999634,78.91999817,77.23000336,78.61000061,330511,CL=F,Crude Oil Futures (CL=F)
2024-02-23 00:00:00-05:00,78.37000275,78.38999939,76.34999847,76.48999786,353437,CL=F,Crude Oil Futures (CL=F)
2024-02-26 00:00:00-05:00,76.40000153,78.02999878,75.83999634,77.58000183,274710,CL=F,Crude Oil Futures (CL=F)
2024-02-27 00:00:00-05:00,77.62000275,79,77.16999817,78.87000275,269236,CL=F,Crude Oil Futures (CL=F)
2024-02-28 00:00:00-05:00,78.48000336,79.62000275,77.77999878,78.54000092,330043,CL=F,Crude Oil Futures (CL=F)
2024-02-29 00:00:00-05:00,78.19999695,79.27999878,77.94000244,78.26000214,317939,CL=F,Crude Oil Futures (CL=F)
2024-03-01 00:00:00-05:00,78.27999878,80.84999847,78.05000305,79.97000122,363417,CL=F,Crude Oil Futures (CL=F)
2024-03-04 00:00:00-05:00,80.13999939,80.41000366,78.55999756,78.73999786,347214,CL=F,Crude Oil Futures (CL=F)
2024-03-05 00:00:00-05:00,78.73999786,79.48999786,77.51999664,78.15000153,436521,CL=F,Crude Oil Futures (CL=F)
2024-03-06 00:00:00-05:00,78.15000153,80.66999817,77.98999786,79.12999725,371049,CL=F,Crude Oil Futures (CL=F)
2024-03-07 00:00:00-05:00,79.12999725,79.52999878,78.01999664,78.93000031,432923,CL=F,Crude Oil Futures (CL=F)
2024-03-08 00:00:00-05:00,79.51000214,79.98999786,77.55999756,78.01000214,347533,CL=F,Crude Oil Futures (CL=F)
2024-03-11 00:00:00-04:00,77.80000305,78.47000122,76.79000092,77.93000031,329873,CL=F,Crude Oil Futures (CL=F)
2024-03-12 00:00:00-04:00,78.08999634,78.73000336,77.33999634,77.55999756,309922,CL=F,Crude Oil Futures (CL=F)
2024-03-13 00:00:00-04:00,78.05999756,79.90000153,77.56999969,79.72000122,316390,CL=F,Crude Oil Futures (CL=F)
2024-03-14 00:00:00-04:00,79.62999725,81.62000275,79.56999969,81.26000214,297450,CL=F,Crude Oil Futures (CL=F)
2024-03-15 00:00:00-04:00,81.13999939,81.44999695,80.48999786,81.04000092,185078,CL=F,Crude Oil Futures (CL=F)
2024-03-18 00:00:00-04:00,81.02999878,83.08999634,81.01000214,82.72000122,84718,CL=F,Crude Oil Futures (CL=F)
2024-03-19 00:00:00-04:00,82.84999847,83.84999847,82.38999939,83.47000122,76814,CL=F,Crude Oil Futures (CL=F)
2024-03-20 00:00:00-04:00,83.19999695,83.20999908,81.44000244,81.68000031,351161,CL=F,Crude Oil Futures (CL=F)
2024-03-21 00:00:00-04:00,81.48999786,81.91999817,80.30000305,81.06999969,266860,CL=F,Crude Oil Futures (CL=F)
2024-03-22 00:00:00-04:00,80.83999634,81.44999695,80.41999817,80.62999725,231101,CL=F,Crude Oil Futures (CL=F)
2024-03-25 00:00:00-04:00,80.84999847,82.48000336,80.58999634,81.94999695,300360,CL=F,Crude Oil Futures (CL=F)
2024-03-26 00:00:00-04:00,81.94000244,82.36000061,81.22000122,81.62000275,235845,CL=F,Crude Oil Futures (CL=F)
2024-03-27 00:00:00-04:00,81.29000092,81.73999786,80.55000305,81.34999847,249964,CL=F,Crude Oil Futures (CL=F)
2024-03-28 00:00:00-04:00,81.70999908,83.20999908,81.51999664,83.16999817,293774,CL=F,Crude Oil Futures (CL=F)
2024-04-01 00:00:00-04:00,83.13999939,84.48999786,82.59999847,83.70999908,321059,CL=F,Crude Oil Futures (CL=F)
2024-04-02 00:00:00-04:00,84.04000092,85.5,83.84999847,85.15000153,344040,CL=F,Crude Oil Futures (CL=F)
2024-04-03 00:00:00-04:00,85.45999908,86.19999695,84.84999847,85.43000031,322549,CL=F,Crude Oil Futures (CL=F)
2024-04-04 00:00:00-04:00,85.66000366,87.22000122,84.63999939,86.58999634,359534,CL=F,Crude Oil Futures (CL=F)
2024-04-05 00:00:00-04:00,86.86000061,87.62999725,86.31999969,86.91000366,353206,CL=F,Crude Oil Futures (CL=F)
2024-04-08 00:00:00-04:00,86.09999847,87.09999847,84.69000244,86.43000031,393734,CL=F,Crude Oil Futures (CL=F)
2024-04-09 00:00:00-04:00,86.58999634,86.98000336,85.08999634,85.23000336,314994,CL=F,Crude Oil Futures (CL=F)
2024-04-10 00:00:00-04:00,85.33999634,86.37999725,84.55000305,86.20999908,373939,CL=F,Crude Oil Futures (CL=F)
2024-04-11 00:00:00-04:00,86.31999969,86.62999725,84.83999634,85.01999664,388128,CL=F,Crude Oil Futures (CL=F)
2024-04-12 00:00:00-04:00,85.59999847,87.66999817,85.23999786,85.66000366,369958,CL=F,Crude Oil Futures (CL=F)
2024-04-15 00:00:00-04:00,85.93000031,86.11000061,84.05000305,85.41000366,343894,CL=F,Crude Oil Futures (CL=F)
2024-04-16 00:00:00-04:00,85.69999695,86.18000031,84.75,85.36000061,241343,CL=F,Crude Oil Futures (CL=F)
2024-04-17 00:00:00-04:00,85.36000061,85.51000214,82.55000305,82.69000244,259540,CL=F,Crude Oil Futures (CL=F)
2024-04-18 00:00:00-04:00,82.79000092,83.47000122,81.55999756,82.73000336,84468,CL=F,Crude Oil Futures (CL=F)
2024-04-19 00:00:00-04:00,82.62000275,86.27999878,81.80000305,83.13999939,76901,CL=F,Crude Oil Futures (CL=F)
2024-04-22 00:00:00-04:00,83.05000305,83.34999847,81.84999847,82.84999847,313914,CL=F,Crude Oil Futures (CL=F)
2024-04-23 00:00:00-04:00,82.12999725,83.43000031,80.87999725,83.36000061,355814,CL=F,Crude Oil Futures (CL=F)
2024-04-24 00:00:00-04:00,83.40000153,83.70999908,82.44000244,82.80999756,329077,CL=F,Crude Oil Futures (CL=F)
2024-04-25 00:00:00-04:00,82.83000183,83.83000183,81.98999786,83.56999969,314116,CL=F,Crude Oil Futures (CL=F)
2024-04-26 00:00:00-04:00,83.80999756,84.45999908,83.34999847,83.84999847,244090,CL=F,Crude Oil Futures (CL=F)
2024-04-29 00:00:00-04:00,83.69000244,83.91000366,82.40000153,82.62999725,336984,CL=F,Crude Oil Futures (CL=F)
2024-04-30 00:00:00-04:00,82.76000214,83.30000305,80.94999695,81.93000031,400680,CL=F,Crude Oil Futures (CL=F)
2024-05-01 00:00:00-04:00,81.48000336,81.56999969,78.83000183,79,441978,CL=F,Crude Oil Futures (CL=F)
2024-05-02 00:00:00-04:00,79.15000153,79.90000153,78.41000366,78.94999695,359652,CL=F,Crude Oil Futures (CL=F)
2024-05-03 00:00:00-04:00,79.06999969,79.62999725,77.95999908,78.11000061,324438,CL=F,Crude Oil Futures (CL=F)
2024-05-06 00:00:00-04:00,78.16000366,79.08999634,77.91000366,78.48000336,297369,CL=F,Crude Oil Futures (CL=F)
2024-05-07 00:00:00-04:00,78.72000122,79.16999817,77.55000305,78.37999725,327593,CL=F,Crude Oil Futures (CL=F)
2024-05-08 00:00:00-04:00,78.33999634,79.26999664,76.88999939,78.98999786,355449,CL=F,Crude Oil Futures (CL=F)
2024-05-09 00:00:00-04:00,79.23000336,79.80000305,78.91000366,79.26000214,272712,CL=F,Crude Oil Futures (CL=F)
2024-05-10 00:00:00-04:00,79.58999634,79.95999908,78.13999939,78.26000214,281169,CL=F,Crude Oil Futures (CL=F)
2024-05-13 00:00:00-04:00,78.18000031,79.48999786,77.77999878,79.12000275,287701,CL=F,Crude Oil Futures (CL=F)
2024-05-14 00:00:00-04:00,79.23000336,79.37999725,77.68000031,78.01999664,307410,CL=F,Crude Oil Futures (CL=F)
2024-05-15 00:00:00-04:00,78.44000244,78.91999817,76.69999695,78.62999725,321267,CL=F,Crude Oil Futures (CL=F)
2024-05-16 00:00:00-04:00,78.83999634,79.84999847,78.19999695,79.23000336,230277,CL=F,Crude Oil Futures (CL=F)
2024-05-17 00:00:00-04:00,79.37999725,80.13999939,79,80.05999756,94152,CL=F,Crude Oil Futures (CL=F)
2024-05-20 00:00:00-04:00,80.01000214,80.59999847,79.16999817,79.80000305,85072,CL=F,Crude Oil Futures (CL=F)
2024-05-21 00:00:00-04:00,79.69999695,79.72000122,78.08000183,79.26000214,371672,CL=F,Crude Oil Futures (CL=F)
2024-05-22 00:00:00-04:00,78.20999908,78.41000366,77.25,77.56999969,314145,CL=F,Crude Oil Futures (CL=F)
2024-05-23 00:00:00-04:00,77.29000092,78.66000366,76.43000031,76.87000275,330273,CL=F,Crude Oil Futures (CL=F)
2024-05-24 00:00:00-04:00,77.04000092,78.05000305,76.15000153,77.72000122,299075,CL=F,Crude Oil Futures (CL=F)
2024-05-28 00:00:00-04:00,77.80999756,80.29000092,77.69000244,79.83000183,334074,CL=F,Crude Oil Futures (CL=F)
2024-05-29 00:00:00-04:00,80.26000214,80.62000275,78.98999786,79.23000336,259594,CL=F,Crude Oil Futures (CL=F)
2024-05-30 00:00:00-04:00,79.27999878,79.41999817,77.62999725,77.91000366,373779,CL=F,Crude Oil Futures (CL=F)
2024-05-31 00:00:00-04:00,77.91000366,78.62000275,76.66999817,76.98999786,345120,CL=F,Crude Oil Futures (CL=F)
2024-06-03 00:00:00-04:00,76.97000122,77.51999664,73.98000336,74.22000122,443271,CL=F,Crude Oil Futures (CL=F)
2024-06-04 00:00:00-04:00,74.01999664,74.12999725,72.48000336,73.25,408721,CL=F,Crude Oil Futures (CL=F)
2024-06-05 00:00:00-04:00,72.90000153,74.33000183,72.81999969,74.06999969,307701,CL=F,Crude Oil Futures (CL=F)
2024-06-06 00:00:00-04:00,74.30000305,75.79000092,74.05999756,75.55000305,291082,CL=F,Crude Oil Futures (CL=F)
2024-06-07 00:00:00-04:00,75.66999817,76.25,75.20999908,75.52999878,280253,CL=F,Crude Oil Futures (CL=F)
2024-06-10 00:00:00-04:00,75.34999847,78.29000092,75.23000336,77.73999786,317031,CL=F,Crude Oil Futures (CL=F)
2024-06-11 00:00:00-04:00,78.12000275,78.36000061,77.22000122,77.90000153,314874,CL=F,Crude Oil Futures (CL=F)
2024-06-12 00:00:00-04:00,78.22000122,79.31999969,77.87999725,78.5,322285,CL=F,Crude Oil Futures (CL=F)
2024-06-13 00:00:00-04:00,78.37000275,78.88999939,77.66999817,78.62000275,307638,CL=F,Crude Oil Futures (CL=F)
2024-06-14 00:00:00-04:00,77.95999908,79.15000153,77.73000336,78.44999695,245827,CL=F,Crude Oil Futures (CL=F)
2024-06-17 00:00:00-04:00,78.48000336,80.66000366,77.98000336,80.33000183,126733,CL=F,Crude Oil Futures (CL=F)
2024-06-18 00:00:00-04:00,80.43000031,81.66999817,79.76999664,81.56999969,140709,CL=F,Crude Oil Futures (CL=F)
2024-06-20 00:00:00-04:00,81.51999664,82.41000366,81.12999725,82.16999817,420499,CL=F,Crude Oil Futures (CL=F)
2024-06-21 00:00:00-04:00,81.26999664,81.79000092,80.34999847,80.73000336,290500,CL=F,Crude Oil Futures (CL=F)
2024-06-24 00:00:00-04:00,80.44999695,81.77999878,80.23000336,81.62999725,271745,CL=F,Crude Oil Futures (CL=F)
2024-06-25 00:00:00-04:00,81.69999695,81.90000153,80.55000305,80.83000183,286038,CL=F,Crude Oil Futures (CL=F)
2024-06-26 00:00:00-04:00,80.72000122,81.62999725,80.18000031,80.90000153,308410,CL=F,Crude Oil Futures (CL=F)
2024-06-27 00:00:00-04:00,80.86000061,82.04000092,80.51000214,81.73999786,306342,CL=F,Crude Oil Futures (CL=F)
2024-06-28 00:00:00-04:00,81.86000061,82.72000122,80.97000122,81.54000092,260252,CL=F,Crude Oil Futures (CL=F)
2024-07-01 00:00:00-04:00,81.44999695,83.63999939,81.37999725,83.37999725,345780,CL=F,Crude Oil Futures (CL=F)
2024-07-02 00:00:00-04:00,83.43000031,84.37999725,82.72000122,82.80999756,367787,CL=F,Crude Oil Futures (CL=F)
2024-07-03 00:00:00-04:00,83.19999695,83.93000031,82.45999908,83.87999725,289685,CL=F,Crude Oil Futures (CL=F)
2024-07-05 00:00:00-04:00,83.59999847,84.51999664,83.01999664,83.16000366,361357,CL=F,Crude Oil Futures (CL=F)
2024-07-08 00:00:00-04:00,83.15000153,83.31999969,82.08000183,82.33000183,251774,CL=F,Crude Oil Futures (CL=F)
2024-07-09 00:00:00-04:00,82.22000122,82.48000336,81.25,81.41000366,297325,CL=F,Crude Oil Futures (CL=F)
2024-07-10 00:00:00-04:00,81.80999756,82.66000366,80.80999756,82.09999847,334380,CL=F,Crude Oil Futures (CL=F)
2024-07-11 00:00:00-04:00,82.40000153,83.12999725,81.62999725,82.62000275,324170,CL=F,Crude Oil Futures (CL=F)
2024-07-12 00:00:00-04:00,82.86000061,83.73999786,82.09999847,82.20999908,370062,CL=F,Crude Oil Futures (CL=F)
2024-07-15 00:00:00-04:00,82.16000366,82.58000183,81.47000122,81.91000366,296520,CL=F,Crude Oil Futures (CL=F)
2024-07-16 00:00:00-04:00,81.91999817,81.93000031,80.22000122,80.76000214,308186,CL=F,Crude Oil Futures (CL=F)
2024-07-17 00:00:00-04:00,80.84999847,83.09999847,80.44999695,82.84999847,257437,CL=F,Crude Oil Futures (CL=F)
2024-07-18 00:00:00-04:00,83.11000061,83.81999969,82.04000092,82.81999969,95704,CL=F,Crude Oil Futures (CL=F)
2024-07-19 00:00:00-04:00,82.47000122,82.87999725,80.06999969,80.12999725,83795,CL=F,Crude Oil Futures (CL=F)
2024-07-22 00:00:00-04:00,80.38999939,80.69000244,79.16999817,79.77999878,345235,CL=F,Crude Oil Futures (CL=F)
2024-07-23 00:00:00-04:00,78.26999664,78.73000336,76.40000153,76.95999908,417941,CL=F,Crude Oil Futures (CL=F)
2024-07-24 00:00:00-04:00,77.44999695,78.19000244,76.98000336,77.58999634,355971,CL=F,Crude Oil Futures (CL=F)
2024-07-25 00:00:00-04:00,77.5,78.47000122,76.04000092,78.27999878,457288,CL=F,Crude Oil Futures (CL=F)
2024-07-26 00:00:00-04:00,78.34999847,78.59999847,76.19000244,77.16000366,365121,CL=F,Crude Oil Futures (CL=F)
2024-07-29 00:00:00-04:00,77.30000305,77.69000244,75.34999847,75.80999756,362635,CL=F,Crude Oil Futures (CL=F)
2024-07-30 00:00:00-04:00,75.91000366,75.97000122,74.58999634,74.73000336,419478,CL=F,Crude Oil Futures (CL=F)
2024-07-31 00:00:00-04:00,75.23999786,78.66000366,75.18000031,77.91000366,460315,CL=F,Crude Oil Futures (CL=F)
2024-08-01 00:00:00-04:00,78.58999634,78.87999725,76.23999786,76.30999756,383014,CL=F,Crude Oil Futures (CL=F)
2024-08-02 00:00:00-04:00,76.87000275,77.29000092,72.97000122,73.51999664,467786,CL=F,Crude Oil Futures (CL=F)
2024-08-05 00:00:00-04:00,74.20999908,74.45999908,71.66999817,72.94000244,500151,CL=F,Crude Oil Futures (CL=F)
2024-08-06 00:00:00-04:00,73.86000061,74.55999756,72.19999695,73.19999695,352250,CL=F,Crude Oil Futures (CL=F)
2024-08-07 00:00:00-04:00,72.83999634,75.83999634,72.58000183,75.23000336,427995,CL=F,Crude Oil Futures (CL=F)
2024-08-08 00:00:00-04:00,75.47000122,76.51999664,74.59999847,76.19000244,327301,CL=F,Crude Oil Futures (CL=F)
2024-08-09 00:00:00-04:00,76.01999664,77.08999634,75.84999847,76.83999634,263007,CL=F,Crude Oil Futures (CL=F)
2024-08-12 00:00:00-04:00,76.98999786,80.16000366,76.69999695,80.05999756,376747,CL=F,Crude Oil Futures (CL=F)
2024-08-13 00:00:00-04:00,79.73999786,80.15000153,78.16000366,78.34999847,370763,CL=F,Crude Oil Futures (CL=F)
2024-08-14 00:00:00-04:00,78.73000336,79.09999847,76.83000183,76.98000336,357636,CL=F,Crude Oil Futures (CL=F)
2024-08-15 00:00:00-04:00,77.51999664,78.59999847,76.93000031,78.16000366,195122,CL=F,Crude Oil Futures (CL=F)
2024-08-16 00:00:00-04:00,78.16000366,78.16000366,75.54000092,76.65000153,100810,CL=F,Crude Oil Futures (CL=F)
2024-08-19 00:00:00-04:00,76.58000183,76.87000275,74.16999817,74.37000275,118172,CL=F,Crude Oil Futures (CL=F)
2024-08-20 00:00:00-04:00,74.33999634,75.02999878,73.5,74.04000092,329276,CL=F,Crude Oil Futures (CL=F)
2024-08-21 00:00:00-04:00,73.12000275,74.16000366,71.45999908,71.93000031,390527,CL=F,Crude Oil Futures (CL=F)
2024-08-22 00:00:00-04:00,71.93000031,73.51999664,71.58000183,73.01000214,334117,CL=F,Crude Oil Futures (CL=F)
2024-08-23 00:00:00-04:00,72.95999908,75.06999969,72.83000183,74.83000183,313764,CL=F,Crude Oil Futures (CL=F)
2024-08-26 00:00:00-04:00,75.09999847,77.59999847,75.04000092,77.41999817,409675,CL=F,Crude Oil Futures (CL=F)
2024-08-27 00:00:00-04:00,77.19999695,77.48000336,75.40000153,75.52999878,331162,CL=F,Crude Oil Futures (CL=F)
2024-08-28 00:00:00-04:00,75.75,75.94999695,73.81999969,74.51999664,337361,CL=F,Crude Oil Futures (CL=F)
2024-08-29 00:00:00-04:00,74.41999817,76.91000366,74.05000305,75.91000366,408147,CL=F,Crude Oil Futures (CL=F)
2024-08-30 00:00:00-04:00,75.87000275,76.58999634,73.36000061,73.55000305,427273,CL=F,Crude Oil Futures (CL=F)
2024-09-03 00:00:00-04:00,73.52999878,74.41000366,70.09999847,70.33999634,546617,CL=F,Crude Oil Futures (CL=F)
2024-09-04 00:00:00-04:00,70.27999878,71.45999908,68.81999969,69.19999695,482025,CL=F,Crude Oil Futures (CL=F)
2024-09-05 00:00:00-04:00,69.26999664,70.81999969,68.75,69.15000153,405596,CL=F,Crude Oil Futures (CL=F)
2024-09-06 00:00:00-04:00,69.33000183,70.12999725,67.16999817,67.66999817,351074,CL=F,Crude Oil Futures (CL=F)
2024-09-09 00:00:00-04:00,68.12999725,68.95999908,67.30999756,68.70999908,351074,CL=F,Crude Oil Futures (CL=F)
2024-09-10 00:00:00-04:00,68.77999878,69.08000183,65.26999664,65.75,442855,CL=F,Crude Oil Futures (CL=F)
2024-09-11 00:00:00-04:00,66.27999878,67.97000122,65.62999725,67.30999756,393311,CL=F,Crude Oil Futures (CL=F)
2024-09-12 00:00:00-04:00,67.38999939,69.80999756,67.23999786,68.97000122,351976,CL=F,Crude Oil Futures (CL=F)
2024-09-13 00:00:00-04:00,69.30999756,70.31999969,68.47000122,68.65000153,308983,CL=F,Crude Oil Futures (CL=F)
2024-09-16 00:00:00-04:00,69.16000366,70.69999695,68.65000153,70.08999634,295176,CL=F,Crude Oil Futures (CL=F)
2024-09-17 00:00:00-04:00,70.5,71.91999817,69.61000061,71.19000244,251629,CL=F,Crude Oil Futures (CL=F)
2024-09-18 00:00:00-04:00,71.13999939,71.48000336,69.73000336,70.91000366,102907,CL=F,Crude Oil Futures (CL=F)
2024-09-19 00:00:00-04:00,70.12999725,72.48999786,70.12999725,71.94999695,86630,CL=F,Crude Oil Futures (CL=F)
2024-09-20 00:00:00-04:00,72.09999847,72.40000153,71.36000061,71.91999817,306997,CL=F,Crude Oil Futures (CL=F)
2024-09-23 00:00:00-04:00,71.30999756,71.80999756,69.48999786,70.37000275,338267,CL=F,Crude Oil Futures (CL=F)
2024-09-24 00:00:00-04:00,70.76000214,72.40000153,70.44000244,71.55999756,318516,CL=F,Crude Oil Futures (CL=F)
2024-09-25 00:00:00-04:00,71.54000092,71.72000122,69.23000336,69.69000244,476237,CL=F,Crude Oil Futures (CL=F)
2024-09-26 00:00:00-04:00,69.88999939,70.01000214,66.94999695,67.66999817,478069,CL=F,Crude Oil Futures (CL=F)
2024-09-27 00:00:00-04:00,67.44999695,68.65000153,67.05999756,68.18000031,341133,CL=F,Crude Oil Futures (CL=F)
2024-09-30 00:00:00-04:00,68.62999725,69.31999969,67.56999969,68.16999817,350115,CL=F,Crude Oil Futures (CL=F)
2024-10-01 00:00:00-04:00,68.41000366,71.94000244,66.33000183,69.83000183,668216,CL=F,Crude Oil Futures (CL=F)
2024-10-02 00:00:00-04:00,70.80000305,72.48999786,69.87000275,70.09999847,429225,CL=F,Crude Oil Futures (CL=F)
2024-10-03 00:00:00-04:00,70.98000336,74.08999634,70.51999664,73.70999908,460554,CL=F,Crude Oil Futures (CL=F)
2024-10-04 00:00:00-04:00,73.94999695,75.56999969,73.45999908,74.37999725,428815,CL=F,Crude Oil Futures (CL=F)
2024-10-07 00:00:00-04:00,74.40000153,77.40000153,73.62000275,77.13999939,419018,CL=F,Crude Oil Futures (CL=F)
2024-10-08 00:00:00-04:00,77.33000183,78.45999908,72.69000244,73.56999969,496760,CL=F,Crude Oil Futures (CL=F)
2024-10-09 00:00:00-04:00,73.83999634,74.44999695,71.52999878,73.23999786,401159,CL=F,Crude Oil Futures (CL=F)
2024-10-10 00:00:00-04:00,73.38999939,76.23999786,73.26000214,75.84999847,321453,CL=F,Crude Oil Futures (CL=F)
2024-10-11 00:00:00-04:00,75.73999786,76.04000092,74.52999878,75.55999756,315302,CL=F,Crude Oil Futures (CL=F)
2024-10-14 00:00:00-04:00,75.05000305,75.08000183,71.80999756,73.83000183,273455,CL=F,Crude Oil Futures (CL=F)
2024-10-15 00:00:00-04:00,71.51000214,72.12000275,69.70999908,70.58000183,328738,CL=F,Crude Oil Futures (CL=F)
2024-10-16 00:00:00-04:00,70.98999786,71.30999756,69.63999939,70.38999939,222437,CL=F,Crude Oil Futures (CL=F)
2024-10-17 00:00:00-04:00,70.68000031,71.11000061,69.44000244,70.66999817,188161,CL=F,Crude Oil Futures (CL=F)
2024-10-18 00:00:00-04:00,70.75,71.23000336,68.69000244,69.22000122,95768,CL=F,Crude Oil Futures (CL=F)
2024-10-21 00:00:00-04:00,69.45999908,71.02999878,69,70.55999756,92584,CL=F,Crude Oil Futures (CL=F)
2024-10-22 00:00:00-04:00,70.48999786,72.66000366,70.05000305,72.08999634,330456,CL=F,Crude Oil Futures (CL=F)
2024-10-23 00:00:00-04:00,71.34999847,71.72000122,70.12999725,70.76999664,293835,CL=F,Crude Oil Futures (CL=F)
2024-10-24 00:00:00-04:00,71.01999664,72.33999634,69.76999664,70.19000244,286571,CL=F,Crude Oil Futures (CL=F)
2024-10-25 00:00:00-04:00,70.33000183,71.91999817,69.95999908,71.77999878,287189,CL=F,Crude Oil Futures (CL=F)
2024-10-28 00:00:00-04:00,68.98000336,69,66.91999817,67.37999725,419623,CL=F,Crude Oil Futures (CL=F)
2024-10-29 00:00:00-04:00,68.01999664,68.51999664,66.72000122,67.20999908,291929,CL=F,Crude Oil Futures (CL=F)
2024-10-30 00:00:00-04:00,67.47000122,69.16999817,67.27999878,68.61000061,284795,CL=F,Crude Oil Futures (CL=F)
2024-10-31 00:00:00-04:00,69.09999847,70.80999756,68.30000305,69.26000214,311055,CL=F,Crude Oil Futures (CL=F)
2024-11-01 00:00:00-04:00,70.44000244,71.44999695,69.31999969,69.48999786,320572,CL=F,Crude Oil Futures (CL=F)
2024-11-04 00:00:00-05:00,70.29000092,71.80999756,70.25,71.47000122,286947,CL=F,Crude Oil Futures (CL=F)
2024-11-05 00:00:00-05:00,71.62000275,72.66999817,71.29000092,71.98999786,247311,CL=F,Crude Oil Futures (CL=F)
2024-11-06 00:00:00-05:00,72.01999664,72.62999725,69.73999786,71.69000244,388265,CL=F,Crude Oil Futures (CL=F)
2024-11-07 00:00:00-05:00,71.87000275,72.87999725,70.66000366,72.36000061,353595,CL=F,Crude Oil Futures (CL=F)
2024-11-08 00:00:00-05:00,72.20999908,72.25,69.98999786,70.37999725,362038,CL=F,Crude Oil Futures (CL=F)
2024-11-11 00:00:00-05:00,70.25,70.55999756,67.91999817,68.04000092,364506,CL=F,Crude Oil Futures (CL=F)
2024-11-12 00:00:00-05:00,68.15000153,69.12999725,67.75,68.12000275,286926,CL=F,Crude Oil Futures (CL=F)
2024-11-13 00:00:00-05:00,67.98000336,68.86000061,66.94000244,68.43000031,386027,CL=F,Crude Oil Futures (CL=F)
2024-11-14 00:00:00-05:00,68.12999725,69.38999939,67.91999817,68.69999695,232270,CL=F,Crude Oil Futures (CL=F)
2024-11-15 00:00:00-05:00,68.62000275,68.69000244,66.81999969,67.01999664,205235,CL=F,Crude Oil Futures (CL=F)
2024-11-18 00:00:00-05:00,66.86000061,69.38999939,66.61000061,69.16000366,110375,CL=F,Crude Oil Futures (CL=F)
2024-11-19 00:00:00-05:00,69.01000214,69.69000244,68.44999695,69.38999939,89360,CL=F,Crude Oil Futures (CL=F)
2024-11-20 00:00:00-05:00,69.55000305,70.15000153,68.75,68.87000275,235637,CL=F,Crude Oil Futures (CL=F)
2024-11-21 00:00:00-05:00,69.04000092,70.37999725,68.86000061,70.09999847,283850,CL=F,Crude Oil Futures (CL=F)
2024-11-22 00:00:00-05:00,70.18000031,71.51000214,69.29000092,71.23999786,408207,CL=F,Crude Oil Futures (CL=F)
2024-11-25 00:00:00-05:00,71.44000244,71.48000336,68.73999786,68.94000244,380922,CL=F,Crude Oil Futures (CL=F)
2024-11-26 00:00:00-05:00,69.08000183,70.30000305,68.05000305,68.76999664,292138,CL=F,Crude Oil Futures (CL=F)
2024-11-27 00:00:00-05:00,68.91000366,69.37000275,68.18000031,68.72000122,227215,CL=F,Crude Oil Futures (CL=F)
2024-11-29 00:00:00-05:00,68.76999664,69.69000244,67.87000275,68,291408,CL=F,Crude Oil Futures (CL=F)
2024-12-02 00:00:00-05:00,68,69.11000061,67.70999908,68.09999847,264883,CL=F,Crude Oil Futures (CL=F)
2024-12-03 00:00:00-05:00,68.16000366,70.23000336,67.91000366,69.94000244,303752,CL=F,Crude Oil Futures (CL=F)
2024-12-04 00:00:00-05:00,70.01999664,70.51000214,68.48999786,68.54000092,325636,CL=F,Crude Oil Futures (CL=F)
2024-12-05 00:00:00-05:00,68.73999786,69.16000366,67.98000336,68.30000305,286701,CL=F,Crude Oil Futures (CL=F)
2024-12-06 00:00:00-05:00,68.44000244,68.48999786,66.98000336,67.19999695,341593,CL=F,Crude Oil Futures (CL=F)
2024-12-09 00:00:00-05:00,67.15000153,68.87999725,67.08000183,68.37000275,297085,CL=F,Crude Oil Futures (CL=F)
2024-12-10 00:00:00-05:00,68.19000244,69.05999756,67.72000122,68.58999634,286003,CL=F,Crude Oil Futures (CL=F)
2024-12-11 00:00:00-05:00,68.5,70.52999878,68.44000244,70.29000092,335892,CL=F,Crude Oil Futures (CL=F)
2024-12-12 00:00:00-05:00,70.43000031,70.72000122,69.13999939,70.01999664,326046,CL=F,Crude Oil Futures (CL=F)
2024-12-13 00:00:00-05:00,70.05999756,71.41999817,69.87000275,71.29000092,230429,CL=F,Crude Oil Futures (CL=F)
2024-12-16 00:00:00-05:00,71.44000244,71.44000244,70.37000275,70.70999908,204296,CL=F,Crude Oil Futures (CL=F)
2024-12-17 00:00:00-05:00,70.61000061,70.91999817,69.18000031,70.08000183,99604,CL=F,Crude Oil Futures (CL=F)
2024-12-18 00:00:00-05:00,70.22000122,71.37999725,69.98999786,70.58000183,99386,CL=F,Crude Oil Futures (CL=F)
2024-12-19 00:00:00-05:00,70.13999939,71.26000214,69.69999695,69.91000366,291660,CL=F,Crude Oil Futures (CL=F)
2024-12-20 00:00:00-05:00,69.23000336,69.84999847,68.41999817,69.45999908,231592,CL=F,Crude Oil Futures (CL=F)
2024-12-23 00:00:00-05:00,69.40000153,69.94000244,68.58999634,69.23999786,188843,CL=F,Crude Oil Futures (CL=F)
2024-12-24 00:00:00-05:00,69.55999756,70.43000031,69.36000061,70.09999847,122602,CL=F,Crude Oil Futures (CL=F)
2024-12-26 00:00:00-05:00,70.19999695,70.75,69.33000183,69.62000275,144877,CL=F,Crude Oil Futures (CL=F)
2024-12-27 00:00:00-05:00,69.68000031,70.75,69.44000244,70.59999847,172641,CL=F,Crude Oil Futures (CL=F)
2024-12-30 00:00:00-05:00,70.41999817,71.55999756,70.12000275,70.98999786,199296,CL=F,Crude Oil Futures (CL=F)
2024-12-31 00:00:00-05:00,71.15000153,72.01999664,70.87000275,71.72000122,151155,CL=F,Crude Oil Futures (CL=F)
2025-01-02 00:00:00-05:00,71.84999847,73.73000336,71.79000092,73.12999725,306498,CL=F,Crude Oil Futures (CL=F)
2025-01-03 00:00:00-05:00,73.12999725,74.34999847,72.69999695,73.95999908,296040,CL=F,Crude Oil Futures (CL=F)
2025-01-06 00:00:00-05:00,74.05000305,74.98999786,73.19999695,73.55999756,306042,CL=F,Crude Oil Futures (CL=F)
2025-01-07 00:00:00-05:00,73.44000244,74.52999878,73.11000061,74.25,277328,CL=F,Crude Oil Futures (CL=F)
2025-01-08 00:00:00-05:00,74.51999664,75.29000092,73.16000366,73.31999969,328617,CL=F,Crude Oil Futures (CL=F)
2025-01-09 00:00:00-05:00,73.31999969,74.31999969,72.83999634,73.91999817,213421,CL=F,Crude Oil Futures (CL=F)
2025-01-10 00:00:00-05:00,74.29000092,77.86000061,74.01999664,76.56999969,478432,CL=F,Crude Oil Futures (CL=F)
2025-01-13 00:00:00-05:00,76.54000092,79.26999664,76.54000092,78.81999969,460942,CL=F,Crude Oil Futures (CL=F)
2025-01-14 00:00:00-05:00,78.81999969,79.08999634,77.41000366,77.5,326729,CL=F,Crude Oil Futures (CL=F)
2025-01-15 00:00:00-05:00,78.02999878,80.76999664,77.23999786,80.04000092,321422,CL=F,Crude Oil Futures (CL=F)
2025-01-16 00:00:00-05:00,80.40000153,80.58999634,77.87000275,78.68000031,159948,CL=F,Crude Oil Futures (CL=F)
2025-01-17 00:00:00-05:00,78.75,79.44000244,77.76000214,77.87999725,112409,CL=F,Crude Oil Futures (CL=F)
2025-01-21 00:00:00-05:00,78.19000244,78.47000122,75.48999786,75.88999939,568807,CL=F,Crude Oil Futures (CL=F)
2025-01-22 00:00:00-05:00,75.87999725,76.44999695,75.27999878,75.44000244,315333,CL=F,Crude Oil Futures (CL=F)
2025-01-23 00:00:00-05:00,75.38999939,76,74.13999939,74.62000275,350688,CL=F,Crude Oil Futures (CL=F)
2025-01-24 00:00:00-05:00,74.30000305,75.20999908,74.01000214,74.66000366,319679,CL=F,Crude Oil Futures (CL=F)
2025-01-27 00:00:00-05:00,74.54000092,75.15000153,72.37999725,73.16999817,334418,CL=F,Crude Oil Futures (CL=F)
2025-01-28 00:00:00-05:00,73.15000153,74.30999756,72.93000031,73.76999664,326075,CL=F,Crude Oil Futures (CL=F)
2025-01-29 00:00:00-05:00,73.94999695,74.08000183,72.33000183,72.62000275,312733,CL=F,Crude Oil Futures (CL=F)
2025-01-30 00:00:00-05:00,73,73.83999634,72.01999664,72.73000336,336475,CL=F,Crude Oil Futures (CL=F)
2025-01-31 00:00:00-05:00,73.19999695,73.83999634,71.94000244,72.52999878,376335,CL=F,Crude Oil Futures (CL=F)
2025-02-03 00:00:00-05:00,74.13999939,75.18000031,72.05000305,73.16000366,517853,CL=F,Crude Oil Futures (CL=F)
2025-02-04 00:00:00-05:00,72.34999847,73.34999847,70.66999817,72.69999695,452961,CL=F,Crude Oil Futures (CL=F)
2025-02-05 00:00:00-05:00,72.76000214,72.97000122,70.95999908,71.02999878,289902,CL=F,Crude Oil Futures (CL=F)
2025-02-06 00:00:00-05:00,71.18000031,71.84999847,70.43000031,70.61000061,299037,CL=F,Crude Oil Futures (CL=F)
2025-02-07 00:00:00-05:00,70.55999756,71.41000366,70.47000122,71,273766,CL=F,Crude Oil Futures (CL=F)
2025-02-10 00:00:00-05:00,71,72.54000092,70.83999634,72.31999969,255941,CL=F,Crude Oil Futures (CL=F)
2025-02-11 00:00:00-05:00,72.48999786,73.68000031,72.30999756,73.31999969,266819,CL=F,Crude Oil Futures (CL=F)
2025-02-12 00:00:00-05:00,73.19999695,73.22000122,71.16999817,71.37000275,318123,CL=F,Crude Oil Futures (CL=F)
2025-02-13 00:00:00-05:00,71.23999786,71.59999847,70.22000122,71.29000092,278197,CL=F,Crude Oil Futures (CL=F)
2025-02-14 00:00:00-05:00,71.51999664,72.01999664,70.51999664,70.73999786,207719,CL=F,Crude Oil Futures (CL=F)
2025-02-18 00:00:00-05:00,70.69999695,72.06999969,70.12000275,71.84999847,130937,CL=F,Crude Oil Futures (CL=F)
2025-02-19 00:00:00-05:00,71.77999878,73.04000092,71.70999908,72.25,69012,CL=F,Crude Oil Futures (CL=F)
2025-02-20 00:00:00-05:00,72.18000031,73.25,71.84999847,72.56999969,240060,CL=F,Crude Oil Futures (CL=F)
2025-02-21 00:00:00-05:00,72.58000183,72.76999664,70.16999817,70.40000153,268470,CL=F,Crude Oil Futures (CL=F)
2025-02-24 00:00:00-05:00,69.80000305,70.94000244,69.80000305,70.69999695,205468,CL=F,Crude Oil Futures (CL=F)
2025-02-25 00:00:00-05:00,70.91999817,71.26000214,68.68000031,68.93000031,267310,CL=F,Crude Oil Futures (CL=F)
2025-02-26 00:00:00-05:00,69.11000061,69.27999878,68.36000061,68.62000275,255601,CL=F,Crude Oil Futures (CL=F)
2025-02-27 00:00:00-05:00,68.81999969,70.54000092,68.61000061,70.34999847,265933,CL=F,Crude Oil Futures (CL=F)
2025-02-28 00:00:00-05:00,70.16999817,70.29000092,69.13999939,69.76000214,250074,CL=F,Crude Oil Futures (CL=F)
2025-03-03 00:00:00-05:00,69.94999695,70.59999847,67.88999939,68.37000275,332751,CL=F,Crude Oil Futures (CL=F)
2025-03-04 00:00:00-05:00,68.45999908,68.55999756,66.76999664,68.26000214,386750,CL=F,Crude Oil Futures (CL=F)
2025-03-05 00:00:00-05:00,68.08000183,68.09999847,65.22000122,66.30999756,382493,CL=F,Crude Oil Futures (CL=F)
2025-03-06 00:00:00-05:00,66.38999939,67.08999634,65.58999634,66.36000061,341632,CL=F,Crude Oil Futures (CL=F)
2025-03-07 00:00:00-05:00,66.33999634,68.22000122,66.12000275,67.04000092,329710,CL=F,Crude Oil Futures (CL=F)
2025-03-10 00:00:00-04:00,67.11000061,67.59999847,65.80000305,66.02999878,249633,CL=F,Crude Oil Futures (CL=F)
2025-03-11 00:00:00-04:00,65.94999695,67.16999817,65.29000092,66.25,222511,CL=F,Crude Oil Futures (CL=F)
2025-03-12 00:00:00-04:00,66.62000275,67.87999725,66.15000153,67.68000031,246675,CL=F,Crude Oil Futures (CL=F)
2025-03-13 00:00:00-04:00,67.69000244,67.94000244,66.37000275,66.55000305,268590,CL=F,Crude Oil Futures (CL=F)
2025-03-14 00:00:00-04:00,66.77999878,67.48000336,66.58999634,67.18000031,180495,CL=F,Crude Oil Futures (CL=F)
2025-03-17 00:00:00-04:00,67.34999847,68.37000275,67.25,67.58000183,161298,CL=F,Crude Oil Futures (CL=F)
2025-03-18 00:00:00-04:00,67.40000153,68.72000122,66.55999756,66.90000153,110338,CL=F,Crude Oil Futures (CL=F)
2025-03-19 00:00:00-04:00,66.72000122,67.62999725,66.20999908,67.16000366,73077,CL=F,Crude Oil Futures (CL=F)
2025-03-20 00:00:00-04:00,67.29000092,68.47000122,66.87999725,68.26000214,283376,CL=F,Crude Oil Futures (CL=F)
2025-03-21 00:00:00-04:00,68.34999847,68.65000153,67.65000153,68.27999878,198964,CL=F,Crude Oil Futures (CL=F)
2025-03-24 00:00:00-04:00,68.34999847,69.33000183,67.94999695,69.11000061,247024,CL=F,Crude Oil Futures (CL=F)
2025-03-25 00:00:00-04:00,69.16000366,69.68000031,68.51999664,69,258411,CL=F,Crude Oil Futures (CL=F)
2025-03-26 00:00:00-04:00,69.16000366,70.22000122,69.05999756,69.65000153,262413,CL=F,Crude Oil Futures (CL=F)
2025-03-27 00:00:00-04:00,69.95999908,69.97000122,69.12000275,69.91999817,211825,CL=F,Crude Oil Futures (CL=F)
2025-03-28 00:00:00-04:00,69.91000366,70.08999634,68.87000275,69.36000061,246650,CL=F,Crude Oil Futures (CL=F)
2025-03-31 00:00:00-04:00,69.43000031,71.83000183,68.80999756,71.48000336,313087,CL=F,Crude Oil Futures (CL=F)
2025-04-01 00:00:00-04:00,71.38999939,72.09999847,71.02999878,71.19999695,272832,CL=F,Crude Oil Futures (CL=F)
2025-04-02 00:00:00-04:00,71.19999695,72.27999878,70.58999634,71.70999908,286501,CL=F,Crude Oil Futures (CL=F)
2025-04-03 00:00:00-04:00,70.37999725,70.41000366,65.98000336,66.94999695,459238,CL=F,Crude Oil Futures (CL=F)
2025-04-04 00:00:00-04:00,66.63999939,66.90000153,60.45000076,61.99000168,559638,CL=F,Crude Oil Futures (CL=F)
2025-04-07 00:00:00-04:00,61.11999893,63.90000153,58.95000076,60.70000076,597617,CL=F,Crude Oil Futures (CL=F)
2025-04-08 00:00:00-04:00,61.02999878,61.75,57.88000107,59.58000183,557655,CL=F,Crude Oil Futures (CL=F)
2025-04-09 00:00:00-04:00,58.31999969,62.93000031,55.11999893,62.34999847,592250,CL=F,Crude Oil Futures (CL=F)
2025-04-10 00:00:00-04:00,62.70999908,63.34000015,58.75999832,60.06999969,391826,CL=F,Crude Oil Futures (CL=F)
2025-04-11 00:00:00-04:00,60.20000076,61.86999893,59.43000031,61.5,306231,CL=F,Crude Oil Futures (CL=F)
2025-04-14 00:00:00-04:00,61.70000076,62.68000031,60.59000015,61.52999878,238068,CL=F,Crude Oil Futures (CL=F)
2025-04-15 00:00:00-04:00,61.58000183,62.06000137,60.88000107,61.33000183,197404,CL=F,Crude Oil Futures (CL=F)
2025-04-16 00:00:00-04:00,61.54000092,62.97999954,60.43999863,62.47000122,213194,CL=F,Crude Oil Futures (CL=F)
2025-04-17 00:00:00-04:00,62.63000107,64.86000061,62.61000061,64.68000031,111479,CL=F,Crude Oil Futures (CL=F)
2025-04-21 00:00:00-04:00,64.30000305,64.41999817,62.45000076,63.08000183,82671,CL=F,Crude Oil Futures (CL=F)
2025-04-22 00:00:00-04:00,63.43000031,65.08999634,63.43000031,64.30999756,297928,CL=F,Crude Oil Futures (CL=F)
2025-04-23 00:00:00-04:00,64,64.87000275,61.52999878,62.27000046,397841,CL=F,Crude Oil Futures (CL=F)
2025-04-24 00:00:00-04:00,62.34000015,63.31000137,61.99000168,62.79000092,264908,CL=F,Crude Oil Futures (CL=F)
2025-04-25 00:00:00-04:00,62.86000061,63.40999985,61.79999924,63.02000046,283758,CL=F,Crude Oil Futures (CL=F)
2025-04-28 00:00:00-04:00,63.49000168,63.91999817,61.47999954,62.04999924,276116,CL=F,Crude Oil Futures (CL=F)
2025-04-29 00:00:00-04:00,61.86999893,62.06999969,60.11999893,60.41999817,312373,CL=F,Crude Oil Futures (CL=F)
2025-04-30 00:00:00-04:00,60.15999985,60.43000031,57.90999985,58.20999908,419549,CL=F,Crude Oil Futures (CL=F)
2025-05-01 00:00:00-04:00,58.15999985,59.5,56.38999939,59.24000168,364216,CL=F,Crude Oil Futures (CL=F)
2025-05-02 00:00:00-04:00,58.99000168,59.86999893,57.74000168,58.29000092,322096,CL=F,Crude Oil Futures (CL=F)
2025-05-05 00:00:00-04:00,56.75999832,57.70000076,55.29999924,57.13000107,308387,CL=F,Crude Oil Futures (CL=F)
2025-05-06 00:00:00-04:00,57.25,59.84000015,57.02999878,59.09000015,343893,CL=F,Crude Oil Futures (CL=F)
2025-05-07 00:00:00-04:00,58.97999954,60.25999832,57.81000137,58.06999969,295238,CL=F,Crude Oil Futures (CL=F)
2025-05-08 00:00:00-04:00,57.93000031,60.29000092,57.74000168,59.90999985,281000,CL=F,Crude Oil Futures (CL=F)
2025-05-09 00:00:00-04:00,60.25,61.45000076,59.88999939,61.02000046,239640,CL=F,Crude Oil Futures (CL=F)
2025-05-12 00:00:00-04:00,61.38999939,63.61000061,61.02000046,61.95000076,325865,CL=F,Crude Oil Futures (CL=F)
2025-05-13 00:00:00-04:00,62,63.90000153,61.65000153,63.66999817,258795,CL=F,Crude Oil Futures (CL=F)
2025-05-14 00:00:00-04:00,63.61999893,63.68000031,62.75,63.15000153,225626,CL=F,Crude Oil Futures (CL=F)
2025-05-15 00:00:00-04:00,62.88000107,62.90999985,60.47000122,61.61999893,258404,CL=F,Crude Oil Futures (CL=F)
2025-05-16 00:00:00-04:00,61.70000076,62.70999908,61.25,62.49000168,121556,CL=F,Crude Oil Futures (CL=F)
2025-05-19 00:00:00-04:00,62.75,63.40000153,61.56999969,62.68999863,95570,CL=F,Crude Oil Futures (CL=F)
2025-05-20 00:00:00-04:00,62.68000031,63.16999817,62.18999863,62.56000137,250414,CL=F,Crude Oil Futures (CL=F)
2025-05-21 00:00:00-04:00,62.27000046,64.19000244,61.27999878,61.56999969,302702,CL=F,Crude Oil Futures (CL=F)
2025-05-22 00:00:00-04:00,61.33000183,61.75,60.25,61.20000076,258549,CL=F,Crude Oil Futures (CL=F)
2025-05-23 00:00:00-04:00,60.81000137,61.88000107,60.02000046,61.52999878,273392,CL=F,Crude Oil Futures (CL=F)
2025-05-27 00:00:00-04:00,61.70000076,62.13999939,60.25999832,60.88999939,291317,CL=F,Crude Oil Futures (CL=F)
2025-05-28 00:00:00-04:00,61.04000092,62.54000092,60.84999847,61.84000015,260374,CL=F,Crude Oil Futures (CL=F)
2025-05-29 00:00:00-04:00,61.83000183,63.06999969,60.54999924,60.93999863,299859,CL=F,Crude Oil Futures (CL=F)
2025-05-30 00:00:00-04:00,60.93999863,61.72000122,59.74000168,60.79000092,384927,CL=F,Crude Oil Futures (CL=F)
2025-06-02 00:00:00-04:00,61.11000061,63.88000107,61.06000137,62.52000046,403580,CL=F,Crude Oil Futures (CL=F)
2025-06-03 00:00:00-04:00,63.02000046,63.88999939,62.40000153,63.40999985,291260,CL=F,Crude Oil Futures (CL=F)
2025-06-04 00:00:00-04:00,63.36000061,63.95999908,62.16999817,62.84999847,321128,CL=F,Crude Oil Futures (CL=F)
2025-06-05 00:00:00-04:00,62.75999832,63.97999954,62.5,63.36999893,232423,CL=F,Crude Oil Futures (CL=F)
2025-06-06 00:00:00-04:00,63.33000183,64.80000305,62.81999969,64.58000183,310133,CL=F,Crude Oil Futures (CL=F)
2025-06-09 00:00:00-04:00,64.80000305,65.43000031,64.19999695,65.29000092,235900,CL=F,Crude Oil Futures (CL=F)
2025-06-10 00:00:00-04:00,65.45999908,66.27999878,64.56999969,64.98000336,279021,CL=F,Crude Oil Futures (CL=F)
2025-06-11 00:00:00-04:00,64.76000214,68.37000275,64.59999847,68.15000153,378473,CL=F,Crude Oil Futures (CL=F)
2025-06-12 00:00:00-04:00,69.02999878,69.29000092,66.72000122,68.04000092,379394,CL=F,Crude Oil Futures (CL=F)
2025-06-13 00:00:00-04:00,68.90000153,77.62000275,68.48999786,72.98000336,715652,CL=F,Crude Oil Futures (CL=F)
2025-06-16 00:00:00-04:00,76.54000092,77.48999786,69.37999725,71.76999664,367312,CL=F,Crude Oil Futures (CL=F)
2025-06-17 00:00:00-04:00,71.11000061,75.54000092,71,74.83999634,154264,CL=F,Crude Oil Futures (CL=F)
2025-06-18 00:00:00-04:00,75.61000061,76.06999969,72.94000244,75.13999939,0,CL=F,Crude Oil Futures (CL=F)
2025-06-20 00:00:00-04:00,74.59999847,77.58000183,74.30000305,74.93000031,678377,CL=F,Crude Oil Futures (CL=F)
2025-06-23 00:00:00-04:00,78,78.40000153,66.59999847,68.51000214,728868,CL=F,Crude Oil Futures (CL=F)
2025-06-24 00:00:00-04:00,67.73999786,67.83000183,64,64.37000275,541475,CL=F,Crude Oil Futures (CL=F)
2025-06-25 00:00:00-04:00,65.12000275,66.02999878,64.51000214,64.91999817,278504,CL=F,Crude Oil Futures (CL=F)
2025-06-26 00:00:00-04:00,64.98000336,66.41999817,64.66000366,65.23999786,233771,CL=F,Crude Oil Futures (CL=F)
2025-06-27 00:00:00-04:00,65.30000305,66.08999634,64.80000305,65.51999664,236284,CL=F,Crude Oil Futures (CL=F)
2025-06-30 00:00:00-04:00,65.15000153,65.81999969,64.5,65.11000061,193289,CL=F,Crude Oil Futures (CL=F)
2025-07-01 00:00:00-04:00,64.95999908,65.98000336,64.66999817,65.44999695,193162,CL=F,Crude Oil Futures (CL=F)
2025-07-02 00:00:00-04:00,65.55999756,67.58000183,65.23000336,67.44999695,265200,CL=F,Crude Oil Futures (CL=F)
2025-07-03 00:00:00-04:00,67.5,67.58000183,66.52999878,67,0,CL=F,Crude Oil Futures (CL=F)
2025-07-04 00:00:00-04:00,67.12999725,67.18000031,66.04000092,66.5,0,CL=F,Crude Oil Futures (CL=F)
2025-07-07 00:00:00-04:00,65.69999695,68.31999969,65.40000153,67.93000031,332949,CL=F,Crude Oil Futures (CL=F)
2025-07-08 00:00:00-04:00,67.95999908,68.91000366,67.33000183,68.33000183,219882,CL=F,Crude Oil Futures (CL=F)
2025-07-09 00:00:00-04:00,68.18000031,68.94000244,67.69999695,68.37999725,223945,CL=F,Crude Oil Futures (CL=F)
2025-07-10 00:00:00-04:00,68.29000092,68.65000153,66.44999695,66.56999969,258654,CL=F,Crude Oil Futures (CL=F)
2025-07-11 00:00:00-04:00,66.84999847,68.76999664,66.5,68.44999695,226297,CL=F,Crude Oil Futures (CL=F)
2025-07-14 00:00:00-04:00,68.68000031,69.65000153,66.80000305,66.98000336,263877,CL=F,Crude Oil Futures (CL=F)
2025-07-15 00:00:00-04:00,66.86000061,67.12999725,66.22000122,66.51999664,252724,CL=F,Crude Oil Futures (CL=F)
2025-07-16 00:00:00-04:00,66.73000336,67.01000214,65.41999817,66.37999725,248346,CL=F,Crude Oil Futures (CL=F)
2025-07-17 00:00:00-04:00,66.59999847,67.69000244,66.29000092,67.54000092,188802,CL=F,Crude Oil Futures (CL=F)
2025-07-18 00:00:00-04:00,67.59999847,68.95999908,67.19999695,67.33999634,107628,CL=F,Crude Oil Futures (CL=F)
2025-07-21 00:00:00-04:00,67.31999969,67.76000214,66.45999908,67.19999695,81194,CL=F,Crude Oil Futures (CL=F)
2025-07-22 00:00:00-04:00,67.12000275,67.12999725,65.98999786,66.20999908,269991,CL=F,Crude Oil Futures (CL=F)
2025-07-23 00:00:00-04:00,65.48999786,65.77999878,64.70999908,65.25,251825,CL=F,Crude Oil Futures (CL=F)
2025-07-24 00:00:00-04:00,65.41999817,66.38999939,65.33000183,66.02999878,281209,CL=F,Crude Oil Futures (CL=F)
2025-07-25 00:00:00-04:00,66.15000153,66.73999786,65,65.16000366,234283,CL=F,Crude Oil Futures (CL=F)
2025-07-28 00:00:00-04:00,65.15000153,67.13999939,65.05000305,66.70999908,262038,CL=F,Crude Oil Futures (CL=F)
2025-07-29 00:00:00-04:00,67.04000092,69.76000214,66.52999878,69.20999908,329112,CL=F,Crude Oil Futures (CL=F)
2025-07-30 00:00:00-04:00,69.33999634,70.51000214,68.44999695,70,345336,CL=F,Crude Oil Futures (CL=F)
2025-07-31 00:00:00-04:00,70.30000305,70.41000366,68.55999756,69.26000214,247031,CL=F,Crude Oil Futures (CL=F)
2025-08-01 00:00:00-04:00,69.34999847,69.58000183,67.05000305,67.33000183,355819,CL=F,Crude Oil Futures (CL=F)
2025-08-04 00:00:00-04:00,66.84999847,67.73999786,65.45999908,66.29000092,277375,CL=F,Crude Oil Futures (CL=F)
2025-08-05 00:00:00-04:00,66.20999908,66.38999939,65.02999878,65.16000366,279030,CL=F,Crude Oil Futures (CL=F)
2025-08-06 00:00:00-04:00,65.15000153,66.75,63.63999939,64.34999847,353827,CL=F,Crude Oil Futures (CL=F)
2025-08-07 00:00:00-04:00,64.36000061,65.11000061,63.70000076,63.88000107,300518,CL=F,Crude Oil Futures (CL=F)
2025-08-08 00:00:00-04:00,63.84999847,64.58000183,62.77000046,63.88000107,322939,CL=F,Crude Oil Futures (CL=F)
2025-08-11 00:00:00-04:00,63.47999954,64.44000244,63.02000046,63.95999908,234807,CL=F,Crude Oil Futures (CL=F)
2025-08-12 00:00:00-04:00,64,64.33999634,63.06000137,63.16999817,304441,CL=F,Crude Oil Futures (CL=F)
2025-08-13 00:00:00-04:00,63.06999969,63.38000107,61.93999863,62.65000153,298939,CL=F,Crude Oil Futures (CL=F)
2025-08-14 00:00:00-04:00,62.79000092,64.09999847,62.58000183,63.95999908,251652,CL=F,Crude Oil Futures (CL=F)
2025-08-15 00:00:00-04:00,63.90999985,64.15000153,62.68000031,62.79999924,197390,CL=F,Crude Oil Futures (CL=F)
2025-08-18 00:00:00-04:00,63,63.79000092,62.18000031,63.41999817,95113,CL=F,Crude Oil Futures (CL=F)
2025-08-19 00:00:00-04:00,63.27000046,63.38999939,62.25,62.34999847,99484,CL=F,Crude Oil Futures (CL=F)
2025-08-20 00:00:00-04:00,62.59999847,63.54999924,62.38999939,63.20999908,280663,CL=F,Crude Oil Futures (CL=F)
2025-08-21 00:00:00-04:00,62.84999847,63.66999817,62.52000046,63.52000046,250166,CL=F,Crude Oil Futures (CL=F)
2025-08-22 00:00:00-04:00,63.5,63.93000031,63.31000137,63.65999985,223169,CL=F,Crude Oil Futures (CL=F)
2025-08-25 00:00:00-04:00,63.88000107,65.09999847,63.52999878,64.80000305,185270,CL=F,Crude Oil Futures (CL=F)
2025-08-26 00:00:00-04:00,64.75,64.76000214,63.13000107,63.25,199101,CL=F,Crude Oil Futures (CL=F)
2025-08-27 00:00:00-04:00,63.31000137,64.23000336,62.95000076,64.15000153,193476,CL=F,Crude Oil Futures (CL=F)
2025-08-28 00:00:00-04:00,63.86999893,64.69999695,63.34999847,64.59999847,208931,CL=F,Crude Oil Futures (CL=F)
2025-08-29 00:00:00-04:00,64.26000214,64.55000305,63.88000107,64.01000214,0,CL=F,Crude Oil Futures (CL=F)
2025-09-02 00:00:00-04:00,63.95000076,66.02999878,63.65999985,65.58999634,320218,CL=F,Crude Oil Futures (CL=F)
2025-09-03 00:00:00-04:00,65.62000275,65.72000122,63.72000122,63.97000122,298737,CL=F,Crude Oil Futures (CL=F)
2025-09-04 00:00:00-04:00,63.81999969,63.84000015,62.72000122,63.47999954,251689,CL=F,Crude Oil Futures (CL=F)
2025-09-05 00:00:00-04:00,63.33000183,63.49000168,61.45000076,61.86999893,294540,CL=F,Crude Oil Futures (CL=F)
2025-09-08 00:00:00-04:00,62,63.34000015,61.84999847,62.25999832,237288,CL=F,Crude Oil Futures (CL=F)
2025-09-09 00:00:00-04:00,62.43000031,63.66999817,62.36999893,62.63000107,268529,CL=F,Crude Oil Futures (CL=F)
2025-09-10 00:00:00-04:00,62.74000168,64.08000183,62.72000122,63.66999817,260684,CL=F,Crude Oil Futures (CL=F)
2025-09-11 00:00:00-04:00,63.79999924,63.79999924,62.20999908,62.36999893,222661,CL=F,Crude Oil Futures (CL=F)
2025-09-12 00:00:00-04:00,62.27000046,63.97999954,61.68999863,62.68999863,313265,CL=F,Crude Oil Futures (CL=F)
2025-09-15 00:00:00-04:00,62.97000122,63.66999817,62.52000046,63.29999924,205560,CL=F,Crude Oil Futures (CL=F)
2025-09-16 00:00:00-04:00,63.31000137,64.76000214,62.88999939,64.51999664,234250,CL=F,Crude Oil Futures (CL=F)
2025-09-17 00:00:00-04:00,64.58999634,64.66999817,63.68999863,64.05000305,165427,CL=F,Crude Oil Futures (CL=F)
2025-09-18 00:00:00-04:00,63.99000168,64.55000305,63.33000183,63.56999969,82321,CL=F,Crude Oil Futures (CL=F)
2025-09-19 00:00:00-04:00,63.59000015,63.65000153,62.59999847,62.68000031,87165,CL=F,Crude Oil Futures (CL=F)
2025-09-22 00:00:00-04:00,62.74000168,63.18000031,61.97999954,62.63999939,223779,CL=F,Crude Oil Futures (CL=F)
2025-09-23 00:00:00-04:00,62.33000183,63.88999939,61.84999847,63.40999985,265948,CL=F,Crude Oil Futures (CL=F)
2025-09-24 00:00:00-04:00,63.63999939,65.05000305,63.25,64.98999786,282721,CL=F,Crude Oil Futures (CL=F)
2025-09-25 00:00:00-04:00,64.80000305,65.33999634,64.05999756,64.98000336,258353,CL=F,Crude Oil Futures (CL=F)
2025-09-26 00:00:00-04:00,65.19999695,66.41999817,64.66000366,65.72000122,284990,CL=F,Crude Oil Futures (CL=F)
2025-09-29 00:00:00-04:00,65.06999969,65.40000153,62.97999954,63.45000076,294292,CL=F,Crude Oil Futures (CL=F)
2025-09-30 00:00:00-04:00,63.13999939,63.25999832,62.02999878,62.36999893,271649,CL=F,Crude Oil Futures (CL=F)
2025-10-01 00:00:00-04:00,62.45999908,62.88999939,61.40000153,61.77999878,274339,CL=F,Crude Oil Futures (CL=F)
2025-10-02 00:00:00-04:00,61.77999878,62.54000092,60.40000153,60.47999954,290507,CL=F,Crude Oil Futures (CL=F)
2025-10-03 00:00:00-04:00,60.70000076,61.38000107,60.54999924,60.88000107,240044,CL=F,Crude Oil Futures (CL=F)
2025-10-06 00:00:00-04:00,61.13999939,62.11999893,61.04000092,61.68999863,224682,CL=F,Crude Oil Futures (CL=F)
2025-10-07 00:00:00-04:00,61.72999954,62.11000061,60.72000122,61.72999954,245121,CL=F,Crude Oil Futures (CL=F)
2025-10-08 00:00:00-04:00,62.04999924,62.91999817,62.04999924,62.54999924,273318,CL=F,Crude Oil Futures (CL=F)
2025-10-09 00:00:00-04:00,62.31000137,62.86999893,61.25,61.50999832,259171,CL=F,Crude Oil Futures (CL=F)
2025-10-10 00:00:00-04:00,61.49000168,61.66999817,58.22000122,58.90000153,339103,CL=F,Crude Oil Futures (CL=F)
2025-10-13 00:00:00-04:00,59,60.16999817,59,59.49000168,339103,CL=F,Crude Oil Futures (CL=F)
2025-10-14 00:00:00-04:00,59.58000183,59.81999969,57.68000031,58.70000076,259200,CL=F,Crude Oil Futures (CL=F)
2025-10-15 00:00:00-04:00,58.59999847,59.41999817,58.20000076,58.27000046,224919,CL=F,Crude Oil Futures (CL=F)
2025-10-16 00:00:00-04:00,58.77000046,59.11000061,57.25999832,57.45999908,203866,CL=F,Crude Oil Futures (CL=F)
2025-10-17 00:00:00-04:00,57.5,57.72000122,56.59999847,57.54000092,108748,CL=F,Crude Oil Futures (CL=F)
2025-10-20 00:00:00-04:00,57.72999954,57.81000137,56.34999847,57.52000046,108146,CL=F,Crude Oil Futures (CL=F)
2025-10-21 00:00:00-04:00,57.36999893,58.27999878,56.99000168,57.81999969,314207,CL=F,Crude Oil Futures (CL=F)
2025-10-22 00:00:00-04:00,57.59000015,59.83000183,57.34000015,58.5,378637,CL=F,Crude Oil Futures (CL=F)
2025-10-23 00:00:00-04:00,59.93999863,62.20000076,59.63999939,61.79000092,735186,CL=F,Crude Oil Futures (CL=F)
2025-10-24 00:00:00-04:00,61.79000092,62.59000015,61.20999908,61.5,373744,CL=F,Crude Oil Futures (CL=F)
2025-10-27 00:00:00-04:00,61.81999969,62.16999817,60.66999817,61.31000137,272191,CL=F,Crude Oil Futures (CL=F)
2025-10-28 00:00:00-04:00,61.5,61.5,59.75999832,60.15000153,307568,CL=F,Crude Oil Futures (CL=F)
2025-10-29 00:00:00-04:00,60.18000031,61.02000046,59.70000076,60.47999954,276875,CL=F,Crude Oil Futures (CL=F)
2025-10-30 00:00:00-04:00,60.38999939,60.79000092,59.63999939,60.56999969,247917,CL=F,Crude Oil Futures (CL=F)
2025-10-31 00:00:00-04:00,60.29999924,61.38000107,59.99000168,60.97999954,278598,CL=F,Crude Oil Futures (CL=F)
2025-11-03 00:00:00-05:00,61.40000153,61.5,60.50999832,61.04999924,0,CL=F,Crude Oil Futures (CL=F)
2025-11-04 00:00:00-05:00,61.02999878,61.02999878,59.93999863,60.56000137,219300,CL=F,Crude Oil Futures (CL=F)
2025-11-05 00:00:00-05:00,60.43000031,61.09000015,59.52000046,59.59999847,292518,CL=F,Crude Oil Futures (CL=F)
2025-11-06 00:00:00-05:00,59.68000031,60.50999832,58.83000183,59.43000031,277768,CL=F,Crude Oil Futures (CL=F)
2025-11-07 00:00:00-05:00,59.65000153,60.45999908,59.31999969,59.75,259446,CL=F,Crude Oil Futures (CL=F)
2025-11-10 00:00:00-05:00,59.86999893,60.47999954,59.40999985,60.13000107,222879,CL=F,Crude Oil Futures (CL=F)
2025-11-11 00:00:00-05:00,60.06999969,61.27999878,59.65999985,61.04000092,264427,CL=F,Crude Oil Futures (CL=F)
2025-11-12 00:00:00-05:00,61.04999924,61.06000137,58.29999924,58.49000168,329517,CL=F,Crude Oil Futures (CL=F)
2025-11-13 00:00:00-05:00,58.47000122,59.20999908,58.11999893,58.68999863,247349,CL=F,Crude Oil Futures (CL=F)
2025-11-14 00:00:00-05:00,58.70999908,60.65000153,58.70999908,60.09000015,334116,CL=F,Crude Oil Futures (CL=F)
2025-11-17 00:00:00-05:00,59.79999924,60.43999863,59.31999969,59.90999985,189638,CL=F,Crude Oil Futures (CL=F)
2025-11-18 00:00:00-05:00,59.74000168,60.93000031,59.31000137,60.74000168,105325,CL=F,Crude Oil Futures (CL=F)
2025-11-19 00:00:00-05:00,60.61999893,60.79000092,58.77000046,59.43999863,79622,CL=F,Crude Oil Futures (CL=F)
2025-11-20 00:00:00-05:00,59.63000107,60.33000183,58.86000061,59.13999939,324282,CL=F,Crude Oil Futures (CL=F)
2025-11-21 00:00:00-05:00,58.79999924,58.79999924,57.38000107,58.06000137,345014,CL=F,Crude Oil Futures (CL=F)
2025-11-24 00:00:00-05:00,58.04999924,59.06000137,57.41999817,58.84000015,238138,CL=F,Crude Oil Futures (CL=F)
2025-11-25 00:00:00-05:00,58.88999939,58.95999908,57.09999847,57.95000076,334442,CL=F,Crude Oil Futures (CL=F)
2025-11-26 00:00:00-05:00,58.04999924,58.72000122,57.65999985,58.65000153,228285,CL=F,Crude Oil Futures (CL=F)
2025-11-28 00:00:00-05:00,58.58000183,59.63999939,58.27000046,58.54999924,153758,CL=F,Crude Oil Futures (CL=F)
2025-12-01 00:00:00-05:00,58.95999908,59.97000122,58.83000183,59.31999969,232770,CL=F,Crude Oil Futures (CL=F)
2025-12-02 00:00:00-05:00,59.52000046,59.66999817,58.27999878,58.63999939,255513,CL=F,Crude Oil Futures (CL=F)
2025-12-03 00:00:00-05:00,58.65000153,59.63999939,58.36999893,58.95000076,260974,CL=F,Crude Oil Futures (CL=F)
2025-12-04 00:00:00-05:00,59.09000015,60.02000046,58.81000137,59.66999817,264993,CL=F,Crude Oil Futures (CL=F)
2025-12-05 00:00:00-05:00,59.70000076,60.5,59.41999817,60.08000183,255075,CL=F,Crude Oil Futures (CL=F)
2025-12-08 00:00:00-05:00,60.15000153,60.29999924,58.68000031,58.88000107,263009,CL=F,Crude Oil Futures (CL=F)
2025-12-09 00:00:00-05:00,58.86999893,59.16999817,58.11999893,58.25,260206,CL=F,Crude Oil Futures (CL=F)
2025-12-10 00:00:00-05:00,58.36999893,59.04999924,57.65999985,58.45999908,256508,CL=F,Crude Oil Futures (CL=F)
2025-12-11 00:00:00-05:00,58.90999985,58.93999863,57.00999832,57.59999847,286808,CL=F,Crude Oil Futures (CL=F)
2025-12-12 00:00:00-05:00,57.88999939,58.18999863,57.15000153,57.43999863,212806,CL=F,Crude Oil Futures (CL=F)
2025-12-15 00:00:00-05:00,57.5,57.79999924,56.40000153,56.81999969,229310,CL=F,Crude Oil Futures (CL=F)
2025-12-16 00:00:00-05:00,56.68000031,56.70000076,54.97999954,55.27000046,230933,CL=F,Crude Oil Futures (CL=F)
2025-12-17 00:00:00-05:00,55.22999954,56.97999954,55.20000076,55.93999863,125608,CL=F,Crude Oil Futures (CL=F)
2025-12-18 00:00:00-05:00,56.90000153,57.02999878,55.88000107,56.15000153,85735,CL=F,Crude Oil Futures (CL=F)
2025-12-19 00:00:00-05:00,56.02999878,56.90000153,55.81999969,56.65999985,209264,CL=F,Crude Oil Futures (CL=F)
2025-12-22 00:00:00-05:00,56.63000107,58.13000107,56.59999847,58.00999832,221576,CL=F,Crude Oil Futures (CL=F)
2025-12-23 00:00:00-05:00,57.95000076,58.56000137,57.74000168,58.38000107,183633,CL=F,Crude Oil Futures (CL=F)
2025-12-24 00:00:00-05:00,58.47000122,58.75,58.13000107,58.34999847,111762,CL=F,Crude Oil Futures (CL=F)
2025-12-26 00:00:00-05:00,58.34999847,58.88000107,56.65000153,56.74000168,166669,CL=F,Crude Oil Futures (CL=F)
2025-12-29 00:00:00-05:00,57.04000092,58.29999924,56.90999985,58.08000183,178590,CL=F,Crude Oil Futures (CL=F)
2025-12-30 00:00:00-05:00,57.81000137,58.47000122,57.59999847,57.95000076,178590,CL=F,Crude Oil Futures (CL=F)
2025-12-31 00:00:00-05:00,57.95000076,58.54999924,57.68999863,57.84999847,93927,CL=F,Crude Oil Futures (CL=F)
